CREATE DATABASE  IF NOT EXISTS `network_inventory` /*!40100 DEFAULT CHARACTER SET utf8mb4 COLLATE utf8mb4_0900_ai_ci */ /*!80016 DEFAULT ENCRYPTION='N' */;
USE `network_inventory`;
-- MySQL dump 10.13  Distrib 8.0.31, for Win64 (x86_64)
--
-- Host: localhost    Database: network_inventory
-- ------------------------------------------------------
-- Server version	8.0.31

/*!40101 SET @OLD_CHARACTER_SET_CLIENT=@@CHARACTER_SET_CLIENT */;
/*!40101 SET @OLD_CHARACTER_SET_RESULTS=@@CHARACTER_SET_RESULTS */;
/*!40101 SET @OLD_COLLATION_CONNECTION=@@COLLATION_CONNECTION */;
/*!50503 SET NAMES utf8 */;
/*!40103 SET @OLD_TIME_ZONE=@@TIME_ZONE */;
/*!40103 SET TIME_ZONE='+00:00' */;
/*!40014 SET @OLD_UNIQUE_CHECKS=@@UNIQUE_CHECKS, UNIQUE_CHECKS=0 */;
/*!40014 SET @OLD_FOREIGN_KEY_CHECKS=@@FOREIGN_KEY_CHECKS, FOREIGN_KEY_CHECKS=0 */;
/*!40101 SET @OLD_SQL_MODE=@@SQL_MODE, SQL_MODE='NO_AUTO_VALUE_ON_ZERO' */;
/*!40111 SET @OLD_SQL_NOTES=@@SQL_NOTES, SQL_NOTES=0 */;

--
-- Table structure for table `device`
--

DROP TABLE IF EXISTS `device`;
/*!40101 SET @saved_cs_client     = @@character_set_client */;
/*!50503 SET character_set_client = utf8mb4 */;
CREATE TABLE `device` (
  `DEV_MOD` varchar(30) NOT NULL,
  `DEV_HOST_NAME` varchar(30) NOT NULL,
  `DEV_LOCATION` varchar(30) DEFAULT NULL,
  `DEV_IP` varchar(16) NOT NULL,
  `DEV_SERIAL_NO` varchar(30) NOT NULL,
  `DEV_ID` varchar(50) NOT NULL,
  PRIMARY KEY (`DEV_ID`),
  KEY `DEV_MOD` (`DEV_MOD`),
  CONSTRAINT `device_ibfk_1` FOREIGN KEY (`DEV_MOD`) REFERENCES `device_type` (`DEV_MOD`)
) ENGINE=InnoDB DEFAULT CHARSET=utf8mb4 COLLATE=utf8mb4_0900_ai_ci;
/*!40101 SET character_set_client = @saved_cs_client */;

--
-- Dumping data for table `device`
--

LOCK TABLES `device` WRITE;
/*!40000 ALTER TABLE `device` DISABLE KEYS */;
INSERT INTO `device` VALUES ('N9504','hola mundo','Abu Dhabi','10.10.0.1','aqfHKqNS','Abu_10.10.0.1'),('C9500','Abu_10.10.0.2','Abuya','10.10.0.2','Pd2N5T9n','Abu_10.10.0.2'),('N9504','Acc_10.10.0.3','Accra','10.10.0.3','JfJHAUVC','Acc_10.10.0.3'),('C3850','Adi_10.10.0.4','Adis Abeba','10.10.0.4','gnD3nGRd','Adi_10.10.0.4'),('C9500','Al _10.10.0.5','Al Kwait','10.10.0.5','eKwdbVfN','Al _10.10.0.5'),('C3850','Amm_10.10.0.6','Ammán','10.10.0.6','cieRrr94','Amm_10.10.0.6'),('C3850','Áms_10.10.0.7','Ámsterdam','10.10.0.7','BsecUpNB','Áms_10.10.0.7'),('N9504','And_10.10.0.8','Andorra la Vieja','10.10.0.8','N5iMouC6','And_10.10.0.8'),('C9200','Ant_10.10.0.10','Antananarivo','10.10.0.10','V8JpY96S','Ant_10.10.0.10'),('C9500','Api_10.10.0.11','Apia','10.10.0.11','QhnDyqZq','Api_10.10.0.11'),('C9500','Arg_10.10.0.12','Argel','10.10.0.12','dhjRQaLu','Arg_10.10.0.12'),('C3850','Asj_10.10.0.13','Asjabad','10.10.0.13','cyA8wKSv','Asj_10.10.0.13'),('C9200','Asm_10.10.0.14','Asmara','10.10.0.14','6tuvc6sn','Asm_10.10.0.14'),('C3850','Asu_10.10.0.15','Asunción','10.10.0.15','nx4MNwLs','Asu_10.10.0.15'),('C9200','Ate_10.10.0.16','Atenas','10.10.0.16','ZsojcvYt','Ate_10.10.0.16'),('C9500','Bag_10.10.0.17','Bagdad','10.10.0.17','XaJffWSN','Bag_10.10.0.17'),('C9200','Bak_10.10.0.18','Bakú','10.10.0.18','S7LaYrKd','Bak_10.10.0.18'),('C9200','Bam_10.10.0.19','Bamako','10.10.0.19','5cgrBLTM','Bam_10.10.0.19'),('C9500','Ban_10.10.0.20','Bandar Seri Begawan','10.10.0.20','WGmhZ4HT','Ban_10.10.0.20'),('C9300','Ban_10.10.0.21','Bangkok','10.10.0.21','Y3QPpitK','Ban_10.10.0.21'),('C9500','Ban_10.10.0.22','Bangui','10.10.0.22','7PS98QfH','Ban_10.10.0.22'),('N9516','Ban_10.10.0.23','Banjul','10.10.0.23','to4wuDzo','Ban_10.10.0.23'),('C3850','Bas_10.10.0.24','Basseterre','10.10.0.24','5HWRCYSo','Bas_10.10.0.24'),('N9516','Bei_10.10.0.25','Beirut','10.10.0.25','8FDSxVsR','Bei_10.10.0.25'),('N9516','Bel_10.10.0.26','Belgrado','10.10.0.26','mHFyWgxw','Bel_10.10.0.26'),('C9200','Bel_10.10.0.27','Belmopán','10.10.0.27','vQGXLQv2','Bel_10.10.0.27'),('N9516','Ber_10.10.0.28','Berlin','10.10.0.28','EM5Y2Vc4','Ber_10.10.0.28'),('C9300','Ber_10.10.0.29','Berna','10.10.0.29','EmifiQHL','Ber_10.10.0.29'),('C9500','Bis_10.10.0.30','Biskek','10.10.0.30','x6hiMJp5','Bis_10.10.0.30'),('N9504','Bis_10.10.0.31','Bissau','10.10.0.31','ZQSUpMUA','Bis_10.10.0.31'),('N9504','Bog_10.10.0.33','Bogotá','10.10.0.33','NbAWvKZJ','Bog_10.10.0.33'),('N9516','Bra_10.10.0.34','Brasilia','10.10.0.34','LG2xvk9g','Bra_10.10.0.34'),('N9516','Bra_10.10.0.35','Bratislava','10.10.0.35','8K2nrE2a','Bra_10.10.0.35'),('C3850','Bra_10.10.0.36','Brazzaville','10.10.0.36','wryKoZ7Y','Bra_10.10.0.36'),('C9300','Bri_10.10.0.37','Bridgetown','10.10.0.37','u46DwSSy','Bri_10.10.0.37'),('C9200','Bru_10.10.0.38','Bruselas','10.10.0.38','wab88FZ2','Bru_10.10.0.38'),('N9504','Buc_10.10.0.39','Bucarest','10.10.0.39','PbRamN5T','Buc_10.10.0.39'),('C9300','Bud_10.10.0.40','Budapest','10.10.0.40','PsDLwWi3','Bud_10.10.0.40'),('C3850','Bue_10.10.0.41','Buenos Aires','10.10.0.41','mmuNbRZn','Bue_10.10.0.41'),('C3850','Buy_10.10.0.66','Buyumbura','10.10.0.66','2UUEP5YR','Buy_10.10.0.66'),('N9504','Cam_10.10.0.42','Camberra','10.10.0.42','XxAfRxnk','Cam_10.10.0.42'),('C3850','Car_10.10.0.43','Caracas','10.10.0.43','o2gU6jjp','Car_10.10.0.43'),('N9504','Caracas_192.168.1.1','caracas','192.168.1.1','xckdlep','Caracas_192.168.1.1'),('N9504','Cas_10.10.0.44','Castries','10.10.0.44','8iLaSHvk','Cas_10.10.0.44'),('C9300','Che_10.10.0.45','Chesenáu','10.10.0.45','pWaVhGd9','Che_10.10.0.45'),('C9200','Ciu_10.10.0.32','Ciudad del Cabo','10.10.0.32','yAbzwQ3n','Ciu_10.10.0.32'),('N9516','Ciu_10.10.0.46','Ciudad de Guatemala','10.10.0.46','pXewQfYT','Ciu_10.10.0.46'),('C9500','Ciu_10.10.0.47','Ciudad de México','10.10.0.47','GQYXvwDJ','Ciu_10.10.0.47'),('C9300','Ciu_10.10.0.48','Ciudad de San Marino','10.10.0.48','ke2P4krq','Ciu_10.10.0.48'),('C3850','Ciu_10.10.0.49','Ciudad del Vaticano','10.10.0.49','McmaEJd4','Ciu_10.10.0.49'),('C9300','Con_10.10.0.50','Conakry','10.10.0.50','PLFx74ee','Con_10.10.0.50'),('C9200','Cop_10.10.0.51','Copenhague','10.10.0.51','SRcSjRLc','Cop_10.10.0.51'),('C9500','Dak_10.10.0.52','Dakar','10.10.0.52','3gfk8Uif','Dak_10.10.0.52'),('C3850','Dam_10.10.0.53','Damasco','10.10.0.53','D9tbZhFS','Dam_10.10.0.53'),('C9200','Dha_10.10.0.54','Dhaka','10.10.0.54','r8AQnByC','Dha_10.10.0.54'),('N9504','Dil_10.10.0.55','Dili','10.10.0.55','ZXmNqMk9','Dil_10.10.0.55'),('C9300','Dod_10.10.0.56','Dodoma','10.10.0.56','MhaNgRnV','Dod_10.10.0.56'),('N9504','Doh_10.10.0.57','Doha','10.10.0.57','6DfLK5dA','Doh_10.10.0.57'),('C9500','Dub_10.10.0.58','Dublín','10.10.0.58','Mm9x73rG','Dub_10.10.0.58'),('C9200','Dus_10.10.0.59','Dushambé','10.10.0.59','RDpMhoaX','Dus_10.10.0.59'),('C3850','El _10.10.0.60','El Cairo','10.10.0.60','p4L6SHdV','El _10.10.0.60'),('C9500','Est_10.10.0.61','Estocolmo','10.10.0.61','XEjfPeMz','Est_10.10.0.61'),('C9200','Est_10.10.0.9','Estambul','10.10.0.9','8Z2ao7Nx','Est_10.10.0.9'),('C9200','Fre_10.10.0.62','Freetown','10.10.0.62','GJNm29j2','Fre_10.10.0.62'),('N9516','Fun_10.10.0.63','Funafuti','10.10.0.63','8v6RhC43','Fun_10.10.0.63'),('C3850','Gab_10.10.0.64','Gaborone','10.10.0.64','CgrQRcEi','Gab_10.10.0.64'),('N9504','Geo_10.10.0.65','Georgetown','10.10.0.65','HpKXarC7','Geo_10.10.0.65'),('C9200','Han_10.10.0.67','Hanói','10.10.0.67','UG4Exquh','Han_10.10.0.67'),('C9200','Har_10.10.0.68','Harare','10.10.0.68','2gKTsNj4','Har_10.10.0.68'),('C9200','Hel_10.10.0.69','Helsinki','10.10.0.69','sATpCuDM','Hel_10.10.0.69'),('N9504','Hon_10.10.0.70','Honiara','10.10.0.70','wKCvdYAb','Hon_10.10.0.70'),('C9300','Isl_10.10.0.71','Islamabad','10.10.0.71','MngLmdpk','Isl_10.10.0.71'),('N9516','Jar_10.10.0.72','Jartum','10.10.0.72','iGbrtwZ5','Jar_10.10.0.72'),('C9300','Jer_10.10.0.73','Jerusalén','10.10.0.73','6jZciSAU','Jer_10.10.0.73'),('N9516','Kat_10.10.0.74','Katmandú','10.10.0.74','QfDg7uXt','Kat_10.10.0.74'),('C9300','Kie_10.10.0.75','Kiev','10.10.0.75','NMagFyYz','Kie_10.10.0.75'),('C9300','Kig_10.10.0.76','Kigali','10.10.0.76','nSCDy2NM','Kig_10.10.0.76'),('C9300','Kin_10.10.0.77','Kingston','10.10.0.77','nRKESw5r','Kin_10.10.0.77'),('N9504','Kin_10.10.0.78','Kingstown','10.10.0.78','ZAPWtBKu','Kin_10.10.0.78'),('C3850','Kin_10.10.0.79','Kinsasa','10.10.0.79','6Gte5SJJ','Kin_10.10.0.79'),('C9300','Kua_10.10.0.80','Kuala Lumpur','10.10.0.80','K5TGmQwS','Kua_10.10.0.80'),('C9300','La _10.10.0.81','La Habana','10.10.0.81','27K6hB5M','La _10.10.0.81'),('C9500','La _10.10.0.82','La Valeta','10.10.0.82','HuuPUuwV','La _10.10.0.82'),('C9300','Lib_10.10.0.83','Libreville','10.10.0.83','gKPgyy8G','Lib_10.10.0.83'),('C3850','Lil_10.10.0.84','Lilongwe','10.10.0.84','rPJw3KGb','Lil_10.10.0.84'),('N9516','Lim_10.10.0.85','Lima','10.10.0.85','vS3H5FGN','Lim_10.10.0.85'),('N9504','Lis_10.10.0.86','Lisboa','10.10.0.86','YzdWPEQm','Lis_10.10.0.86'),('N9516','Liu_10.10.0.87','Liubliana','10.10.0.87','6khhEgCf','Liu_10.10.0.87'),('C9300','Lom_10.10.0.88','Lomé','10.10.0.88','9Wj3PzKV','Lom_10.10.0.88'),('C3850','Lon_10.10.0.89','Londres','10.10.0.89','coAxYtix','Lon_10.10.0.89'),('C3850','Lua_10.10.0.90','Luanda','10.10.0.90','c8HBRadC','Lua_10.10.0.90'),('C3850','Lus_10.10.0.91','Lusaka','10.10.0.91','5gXwho59','Lus_10.10.0.91'),('C9300','Lux_10.10.0.92','Luxemburgo','10.10.0.92','ER3YzWj4','Lux_10.10.0.92'),('C9500','Mad_10.10.0.93','Madrid','10.10.0.93','SBaBrGa5','Mad_10.10.0.93'),('C9200','Maj_10.10.0.94','Majuro','10.10.0.94','b4qEqhrP','Maj_10.10.0.94'),('C9300','Mal_10.10.0.95','Malabo','10.10.0.95','YQL2AQX8','Mal_10.10.0.95'),('C9200','Mal_10.10.0.96','Malé','10.10.0.96','q9zyKKyB','Mal_10.10.0.96'),('C9300','Man_10.10.0.97','Managua','10.10.0.97','NFKrDbzg','Man_10.10.0.97'),('C9300','Man_10.10.0.98','Manama','10.10.0.98','f3iaArDf','Man_10.10.0.98'),('N9504','Man_10.10.0.99','Manila','10.10.0.99','gbjyf2Nc','Man_10.10.0.99'),('C9500','Map_10.10.0.100','Maputo','10.10.0.100','JFkFYZ9k','Map_10.10.0.100'),('C9300','Mas_10.10.0.101','Mascate','10.10.0.101','jconaJho','Mas_10.10.0.101'),('C9500','Mas_10.10.0.102','Maseru','10.10.0.102','XMvSrhSr','Mas_10.10.0.102'),('C9300','Mba_10.10.0.103','Mbabane','10.10.0.103','w7Uk8xzq','Mba_10.10.0.103'),('N9504','Min_10.10.0.104','Minsk','10.10.0.104','pPSvWUSW','Min_10.10.0.104'),('N9516','Mog_10.10.0.105','Mogadiscio','10.10.0.105','6WMuQqBX','Mog_10.10.0.105'),('N9516','Món_10.10.0.106','Mónaco','10.10.0.106','zS9c26MA','Món_10.10.0.106'),('C9200','Mon_10.10.0.107','Montevideo','10.10.0.107','ih6gdB6P','Mon_10.10.0.107'),('C9200','Mor_10.10.0.108','Moroni','10.10.0.108','2jUReacr','Mor_10.10.0.108'),('C9500','Mos_10.10.0.109','Moscú','10.10.0.109','TD3aaurw','Mos_10.10.0.109'),('C9300','Nai_10.10.0.110','Naipyidó','10.10.0.110','2mvBAmkw','Nai_10.10.0.110'),('N9516','Nai_10.10.0.111','Nairobi','10.10.0.111','uCzaFtDo','Nai_10.10.0.111'),('N9504','Nas_10.10.0.112','Nasáu','10.10.0.112','FfY8LXmn','Nas_10.10.0.112'),('C3850','Nge_10.10.0.113','Ngerulmud','10.10.0.113','mUaLCLYT','Nge_10.10.0.113'),('C9300','Nia_10.10.0.114','Niamey','10.10.0.114','BAPmfGFW','Nia_10.10.0.114'),('N9504','Nic_10.10.0.115','Nicosia','10.10.0.115','ji55LG3D','Nic_10.10.0.115'),('N9516','Nou_10.10.0.116','Nouakchot','10.10.0.116','evhnaXVS','Nou_10.10.0.116'),('C9500','Nue_10.10.0.117','Nueva Delhi','10.10.0.117','4AjxjtLa','Nue_10.10.0.117'),('C3850','Nuk_10.10.0.118','Nukualofa','10.10.0.118','yqEFGuLg','Nuk_10.10.0.118'),('N9516','Osl_10.10.0.119','Oslo','10.10.0.119','FMi3KFdV','Osl_10.10.0.119'),('C9300','Ott_10.10.0.120','Ottawa','10.10.0.120','B3ACEz4w','Ott_10.10.0.120'),('N9504','Oua_10.10.0.121','Ouagadougou','10.10.0.121','uSqxMDsq','Oua_10.10.0.121'),('N9504','Pal_10.10.0.122','Palikir','10.10.0.122','kNjaBSJV','Pal_10.10.0.122'),('N9504','Pan_10.10.0.123','Panamá','10.10.0.123','inYMseeJ','Pan_10.10.0.123'),('N9516','Par_10.10.0.124','Paramaribo','10.10.0.124','WtGwHEpA','Par_10.10.0.124'),('C9300','Par_10.10.0.125','París','10.10.0.125','y2XmpS7F','Par_10.10.0.125'),('C9500','Pek_10.10.0.126','Pekín','10.10.0.126','q8NnyFh9','Pek_10.10.0.126'),('C3850','Phn_10.10.0.127','Phnom Penh','10.10.0.127','YyLGnNzv','Phn_10.10.0.127'),('C9200','Pio_10.10.0.128','Pionyang','10.10.0.128','yRkriYWP','Pio_10.10.0.128'),('C9200','Por_10.10.0.129','Port Louis','10.10.0.129','AnTYTxMB','Por_10.10.0.129'),('N9504','Por_10.10.0.130','Port Vila','10.10.0.130','r5FVAdf3','Por_10.10.0.130'),('C9500','Por_10.10.0.131','Porto-Novo','10.10.0.131','FRrSqL8D','Por_10.10.0.131'),('C9300','Pra_10.10.0.132','Praga','10.10.0.132','ntrqoUdu','Pra_10.10.0.132'),('C9300','Pra_10.10.0.133','Praia','10.10.0.133','nLZGfXpi','Pra_10.10.0.133'),('C3850','Pue_10.10.0.134','Puerto España','10.10.0.134','PixAcYND','Pue_10.10.0.134'),('C9300','Pue_10.10.0.135','Puerto Moresby','10.10.0.135','qvKCZgeR','Pue_10.10.0.135'),('C9200','Pue_10.10.0.136','Puerto Príncipe','10.10.0.136','MSPrbKPg','Pue_10.10.0.136'),('C9200','Qui_10.10.0.137','Quito','10.10.0.137','hpWDGdco','Qui_10.10.0.137'),('C9200','Rab_10.10.0.138','Rabat','10.10.0.138','cp22FsBb','Rab_10.10.0.138'),('N9516','Rei_10.10.0.139','Reikiavik','10.10.0.139','fXmc5C4a','Rei_10.10.0.139'),('C3850','Ria_10.10.0.140','Riad','10.10.0.140','qhrAnAv3','Ria_10.10.0.140'),('C9200','Rig_10.10.0.141','Riga','10.10.0.141','ETjpA8ff','Rig_10.10.0.141'),('N9516','Rom_10.10.0.142','Roma','10.10.0.142','JnYxAM6a','Rom_10.10.0.142'),('C3850','Ros_10.10.0.143','Roseau','10.10.0.143','z2yXN3q3','Ros_10.10.0.143'),('C9200','Sai_10.10.0.144','Saint George\'s','10.10.0.144','D8KaSNyD','Sai_10.10.0.144'),('C9300','Sai_10.10.0.145','Saint John\'s','10.10.0.145','XLaxnkiZ','Sai_10.10.0.145'),('N9504','San_10.10.0.146','San José','10.10.0.146','fQJEuLNR','San_10.10.0.146'),('C3850','San_10.10.0.147','San Juan','10.10.0.147','BYNVZswm','San_10.10.0.147'),('N9504','San_10.10.0.148','San Salvador','10.10.0.148','vWch9gc9','San_10.10.0.148'),('N9516','San_10.10.0.149','San\'á','10.10.0.149','rNWdfQCV','San_10.10.0.149'),('C9200','San_10.10.0.150','Santiago de Chile','10.10.0.150','YgPDACFp','San_10.10.0.150'),('N9504','San_10.10.0.151','Santo Domingo','10.10.0.151','ZgrYmq9Y','San_10.10.0.151'),('N9516','San_10.10.0.152','Santo Tomé','10.10.0.152','WnyXDNxR','San_10.10.0.152'),('C9300','Sar_10.10.0.153','Sarajevo','10.10.0.153','ghrzLVff','Sar_10.10.0.153'),('N9504','Seú_10.10.0.154','Seúl','10.10.0.154','mg5NXr8A','Seú_10.10.0.154'),('N9504','Sin_10.10.0.155','Singapur','10.10.0.155','kAEi95tF','Sin_10.10.0.155'),('N9516','Sko_10.10.0.156','Skopie','10.10.0.156','HCuf3sud','Sko_10.10.0.156'),('N9516','Sof_10.10.0.157','Sofía','10.10.0.157','rETGc8jS','Sof_10.10.0.157'),('C9500','Suc_10.10.0.158','Sucre','10.10.0.158','YKhC4pux','Suc_10.10.0.158'),('C3850','Suv_10.10.0.159','Suva','10.10.0.159','umxhawXb','Suv_10.10.0.159'),('N9516','Tal_10.10.0.160','Tallín','10.10.0.160','xmXctRxQ','Tal_10.10.0.160'),('C9500','Tar_10.10.0.161','Tarawa','10.10.0.161','kRzNZ4do','Tar_10.10.0.161'),('C9200','Tas_10.10.0.162','Tashkent','10.10.0.162','4ixV93e8','Tas_10.10.0.162'),('C9200','Teg_10.10.0.163','Tegucigalpa','10.10.0.163','yMkftCsp','Teg_10.10.0.163'),('C9200','Teh_10.10.0.164','Teherán','10.10.0.164','TfqrWdWj','Teh_10.10.0.164'),('C9300','test_192.168.20.1','test','192.168.20.1','v5mjo2YS','test_192.168.20.1'),('C9300','test_192.168.20.2','test','192.168.20.2','v5Pjo2YS','test_192.168.20.2'),('C9300','test_192.168.20.3','test','192.168.20.3','v5PLo2YS','test_192.168.20.3'),('N9516','Tif_10.10.0.165','Tiflis','10.10.0.165','ca5RoW3c','Tif_10.10.0.165'),('C3850','Tim_10.10.0.166','Timbú','10.10.0.166','DyDdZdfF','Tim_10.10.0.166'),('C9500','Tir_10.10.0.167','Tirana','10.10.0.167','dtP2WFv6','Tir_10.10.0.167'),('N9504','Tok_10.10.0.168','Tokio','10.10.0.168','iu7uTqUW','Tok_10.10.0.168'),('N9516','Trí_10.10.0.169','Trípoli','10.10.0.169','qojKhhXm','Trí_10.10.0.169'),('C9300','Tún_10.10.0.170','Túnez','10.10.0.170','2zRW4uN7','Tún_10.10.0.170'),('C3850','Ula_10.10.0.171','Ulan Bator','10.10.0.171','ARmmWvcU','Ula_10.10.0.171'),('C3850','Vad_10.10.0.172','Vaduz','10.10.0.172','CerxuFaM','Vad_10.10.0.172'),('C9500','Var_10.10.0.173','Varsovia','10.10.0.173','yqtpSizR','Var_10.10.0.173'),('N9516','Vic_10.10.0.174','Victoria','10.10.0.174','3PQcM8gd','Vic_10.10.0.174'),('N9516','Vie_10.10.0.175','Viena','10.10.0.175','osgPHxsL','Vie_10.10.0.175'),('N9516','Vie_10.10.0.176','Vientián','10.10.0.176','kmkbMvTe','Vie_10.10.0.176'),('C3850','Vil_10.10.0.177','Vilna','10.10.0.177','rDJ2czf4','Vil_10.10.0.177'),('N9504','Was_10.10.0.178','Washington D. C.','10.10.0.178','rLWzZQ48','Was_10.10.0.178'),('C9500','Wel_10.10.0.179','Wellington','10.10.0.179','4KstnbrN','Wel_10.10.0.179'),('C3850','Win_10.10.0.180','Windhoek','10.10.0.180','kurjKMXn','Win_10.10.0.180'),('C9200','Yak_10.10.0.181','Yakarta','10.10.0.181','2jiUtyz2','Yak_10.10.0.181'),('N9504','Yam_10.10.0.182','Yamena','10.10.0.182','Jev93h7v','Yam_10.10.0.182'),('C9300','Yam_10.10.0.183','Yamusukro','10.10.0.183','wBwSm7Tu','Yam_10.10.0.183'),('C3850','Yar_10.10.0.184','Yaren','10.10.0.184','M3jfXr8M','Yar_10.10.0.184'),('N9516','Yau_10.10.0.185','Yaundé','10.10.0.185','JDVkQMZB','Yau_10.10.0.185'),('N9504','Yer_10.10.0.186','Yereván','10.10.0.186','PDBiF9it','Yer_10.10.0.186'),('C9500','Yib_10.10.0.187','Yibuti','10.10.0.187','vP4bh7eV','Yib_10.10.0.187'),('N9516','Yub_10.10.0.188','Yuba','10.10.0.188','TvJxdNFP','Yub_10.10.0.188'),('C9300','Zag_10.10.0.189','Zagreb','10.10.0.189','v5moo2YS','Zag_10.10.0.189');
/*!40000 ALTER TABLE `device` ENABLE KEYS */;
UNLOCK TABLES;
/*!50003 SET @saved_cs_client      = @@character_set_client */ ;
/*!50003 SET @saved_cs_results     = @@character_set_results */ ;
/*!50003 SET @saved_col_connection = @@collation_connection */ ;
/*!50003 SET character_set_client  = utf8mb4 */ ;
/*!50003 SET character_set_results = utf8mb4 */ ;
/*!50003 SET collation_connection  = utf8mb4_0900_ai_ci */ ;
/*!50003 SET @saved_sql_mode       = @@sql_mode */ ;
/*!50003 SET sql_mode              = 'STRICT_TRANS_TABLES,NO_ENGINE_SUBSTITUTION' */ ;
DELIMITER ;;
/*!50003 CREATE*/ /*!50017 DEFINER=`root`@`localhost`*/ /*!50003 TRIGGER `TR_LOG_EQUIPOS_IN` AFTER INSERT ON `device` FOR EACH ROW BEGIN
	INSERT INTO LOG_INVENTARIO_EQUIPO (ID_CHANGE, DEV_ID, DEV_SERIAL_NO, TIPE_CHANGE, USER_DB, MODIFY_DATE)
  VALUES (
	NULL , NEW.DEV_ID, NEW.DEV_SERIAL_NO, "Insert", SYSTEM_USER(), current_timestamp()
  );
END */;;
DELIMITER ;
/*!50003 SET sql_mode              = @saved_sql_mode */ ;
/*!50003 SET character_set_client  = @saved_cs_client */ ;
/*!50003 SET character_set_results = @saved_cs_results */ ;
/*!50003 SET collation_connection  = @saved_col_connection */ ;
/*!50003 SET @saved_cs_client      = @@character_set_client */ ;
/*!50003 SET @saved_cs_results     = @@character_set_results */ ;
/*!50003 SET @saved_col_connection = @@collation_connection */ ;
/*!50003 SET character_set_client  = utf8mb4 */ ;
/*!50003 SET character_set_results = utf8mb4 */ ;
/*!50003 SET collation_connection  = utf8mb4_0900_ai_ci */ ;
/*!50003 SET @saved_sql_mode       = @@sql_mode */ ;
/*!50003 SET sql_mode              = 'STRICT_TRANS_TABLES,NO_ENGINE_SUBSTITUTION' */ ;
DELIMITER ;;
/*!50003 CREATE*/ /*!50017 DEFINER=`root`@`localhost`*/ /*!50003 TRIGGER `TR_LOG_EQUIPOS_DELETE` BEFORE DELETE ON `device` FOR EACH ROW BEGIN
	INSERT INTO LOG_INVENTARIO_EQUIPO ( DEV_ID, DEV_SERIAL_NO, TIPE_CHANGE, USER_DB, MODIFY_DATE)
  VALUES (
	 OLD.DEV_ID, OLD.DEV_SERIAL_NO, "DELETED", SYSTEM_USER(), current_timestamp()
  );
END */;;
DELIMITER ;
/*!50003 SET sql_mode              = @saved_sql_mode */ ;
/*!50003 SET character_set_client  = @saved_cs_client */ ;
/*!50003 SET character_set_results = @saved_cs_results */ ;
/*!50003 SET collation_connection  = @saved_col_connection */ ;

--
-- Table structure for table `device_interfaces`
--

DROP TABLE IF EXISTS `device_interfaces`;
/*!40101 SET @saved_cs_client     = @@character_set_client */;
/*!50503 SET character_set_client = utf8mb4 */;
CREATE TABLE `device_interfaces` (
  `INT_NAME` varchar(30) NOT NULL,
  `INT_DESC` varchar(30) DEFAULT NULL,
  `INT_TYPE` varchar(30) NOT NULL,
  `INT_IP` varchar(30) NOT NULL,
  `DEV_ID` varchar(50) NOT NULL,
  `INT_ID` varchar(60) NOT NULL,
  PRIMARY KEY (`INT_ID`),
  KEY `DEV_ID` (`DEV_ID`),
  CONSTRAINT `device_interfaces_ibfk_1` FOREIGN KEY (`DEV_ID`) REFERENCES `module_device` (`DEV_ID`)
) ENGINE=InnoDB DEFAULT CHARSET=utf8mb4 COLLATE=utf8mb4_0900_ai_ci;
/*!40101 SET character_set_client = @saved_cs_client */;

--
-- Dumping data for table `device_interfaces`
--

LOCK TABLES `device_interfaces` WRITE;
/*!40000 ALTER TABLE `device_interfaces` DISABLE KEYS */;
INSERT INTO `device_interfaces` VALUES ('ge-1/0/1','','ge','10.0.1.104','Min_10.10.0.104','ge-1/0/1_10.0.1.104'),('ge-1/0/1','','ge','10.0.1.105','Mog_10.10.0.105','ge-1/0/1_10.0.1.105'),('ge-1/0/1','','ge','10.0.1.106','Món_10.10.0.106','ge-1/0/1_10.0.1.106'),('ge-1/0/1','','ge','10.0.1.107','Mon_10.10.0.107','ge-1/0/1_10.0.1.107'),('ge-1/0/1','','ge','10.0.1.108','Mor_10.10.0.108','ge-1/0/1_10.0.1.108'),('ge-1/0/1','','ge','10.0.1.109','Mos_10.10.0.109','ge-1/0/1_10.0.1.109'),('ge-1/0/1','','ge','10.0.1.11','Api_10.10.0.11','ge-1/0/1_10.0.1.11'),('ge-1/0/1','','ge','10.0.1.110','Nai_10.10.0.110','ge-1/0/1_10.0.1.110'),('ge-1/0/1','','ge','10.0.1.111','Nai_10.10.0.111','ge-1/0/1_10.0.1.111'),('ge-1/0/1','','ge','10.0.1.112','Nas_10.10.0.112','ge-1/0/1_10.0.1.112'),('ge-1/0/1','','ge','10.0.1.113','Nge_10.10.0.113','ge-1/0/1_10.0.1.113'),('ge-1/0/1','','ge','10.0.1.114','Nia_10.10.0.114','ge-1/0/1_10.0.1.114'),('ge-1/0/1','','ge','10.0.1.115','Nic_10.10.0.115','ge-1/0/1_10.0.1.115'),('ge-1/0/1','','ge','10.0.1.116','Nou_10.10.0.116','ge-1/0/1_10.0.1.116'),('ge-1/0/1','','ge','10.0.1.117','Nue_10.10.0.117','ge-1/0/1_10.0.1.117'),('ge-1/0/1','','ge','10.0.1.118','Nuk_10.10.0.118','ge-1/0/1_10.0.1.118'),('ge-1/0/1','','ge','10.0.1.119','Osl_10.10.0.119','ge-1/0/1_10.0.1.119'),('ge-1/0/1','','ge','10.0.1.12','Arg_10.10.0.12','ge-1/0/1_10.0.1.12'),('ge-1/0/1','','ge','10.0.1.120','Ott_10.10.0.120','ge-1/0/1_10.0.1.120'),('ge-1/0/1','','ge','10.0.1.121','Oua_10.10.0.121','ge-1/0/1_10.0.1.121'),('ge-1/0/1','','ge','10.0.1.122','Pal_10.10.0.122','ge-1/0/1_10.0.1.122'),('ge-1/0/1','','ge','10.0.1.123','Pan_10.10.0.123','ge-1/0/1_10.0.1.123'),('ge-1/0/1','','ge','10.0.1.124','Par_10.10.0.124','ge-1/0/1_10.0.1.124'),('ge-1/0/1','','ge','10.0.1.125','Par_10.10.0.125','ge-1/0/1_10.0.1.125'),('ge-1/0/1','','ge','10.0.1.126','Pek_10.10.0.126','ge-1/0/1_10.0.1.126'),('ge-1/0/1','','ge','10.0.1.127','Phn_10.10.0.127','ge-1/0/1_10.0.1.127'),('ge-1/0/1','','ge','10.0.1.128','Pio_10.10.0.128','ge-1/0/1_10.0.1.128'),('ge-1/0/1','','ge','10.0.1.129','Por_10.10.0.129','ge-1/0/1_10.0.1.129'),('ge-1/0/1','','ge','10.0.1.13','Asj_10.10.0.13','ge-1/0/1_10.0.1.13'),('ge-1/0/1','','ge','10.0.1.130','Por_10.10.0.130','ge-1/0/1_10.0.1.130'),('ge-1/0/1','','ge','10.0.1.131','Por_10.10.0.131','ge-1/0/1_10.0.1.131'),('ge-1/0/1','','ge','10.0.1.132','Pra_10.10.0.132','ge-1/0/1_10.0.1.132'),('ge-1/0/1','','ge','10.0.1.133','Pra_10.10.0.133','ge-1/0/1_10.0.1.133'),('ge-1/0/1','','ge','10.0.1.134','Pue_10.10.0.134','ge-1/0/1_10.0.1.134'),('ge-1/0/1','','ge','10.0.1.135','Pue_10.10.0.135','ge-1/0/1_10.0.1.135'),('ge-1/0/1','','ge','10.0.1.136','Pue_10.10.0.136','ge-1/0/1_10.0.1.136'),('ge-1/0/1','','ge','10.0.1.137','Qui_10.10.0.137','ge-1/0/1_10.0.1.137'),('ge-1/0/1','','ge','10.0.1.138','Rab_10.10.0.138','ge-1/0/1_10.0.1.138'),('ge-1/0/1','','ge','10.0.1.139','Rei_10.10.0.139','ge-1/0/1_10.0.1.139'),('ge-1/0/1','','ge','10.0.1.14','Asm_10.10.0.14','ge-1/0/1_10.0.1.14'),('ge-1/0/1','','ge','10.0.1.140','Ria_10.10.0.140','ge-1/0/1_10.0.1.140'),('ge-1/0/1','','ge','10.0.1.141','Rig_10.10.0.141','ge-1/0/1_10.0.1.141'),('ge-1/0/1','','ge','10.0.1.142','Rom_10.10.0.142','ge-1/0/1_10.0.1.142'),('ge-1/0/1','','ge','10.0.1.143','Ros_10.10.0.143','ge-1/0/1_10.0.1.143'),('ge-1/0/1','','ge','10.0.1.144','Sai_10.10.0.144','ge-1/0/1_10.0.1.144'),('ge-1/0/1','','ge','10.0.1.145','Sai_10.10.0.145','ge-1/0/1_10.0.1.145'),('ge-1/0/1','','ge','10.0.1.146','San_10.10.0.146','ge-1/0/1_10.0.1.146'),('ge-1/0/1','','ge','10.0.1.147','San_10.10.0.147','ge-1/0/1_10.0.1.147'),('ge-1/0/1','','ge','10.0.1.148','San_10.10.0.148','ge-1/0/1_10.0.1.148'),('ge-1/0/1','','ge','10.0.1.149','San_10.10.0.149','ge-1/0/1_10.0.1.149'),('ge-1/0/1','','ge','10.0.1.15','Asu_10.10.0.15','ge-1/0/1_10.0.1.15'),('ge-1/0/1','','ge','10.0.1.150','San_10.10.0.150','ge-1/0/1_10.0.1.150'),('ge-1/0/1','','ge','10.0.1.151','San_10.10.0.151','ge-1/0/1_10.0.1.151'),('ge-1/0/1','','ge','10.0.1.152','San_10.10.0.152','ge-1/0/1_10.0.1.152'),('ge-1/0/1','','ge','10.0.1.153','Sar_10.10.0.153','ge-1/0/1_10.0.1.153'),('ge-1/0/1','','ge','10.0.1.154','Seú_10.10.0.154','ge-1/0/1_10.0.1.154'),('ge-1/0/1','','ge','10.0.1.155','Sin_10.10.0.155','ge-1/0/1_10.0.1.155'),('ge-1/0/1','','ge','10.0.1.156','Sko_10.10.0.156','ge-1/0/1_10.0.1.156'),('ge-1/0/1','','ge','10.0.1.157','Sof_10.10.0.157','ge-1/0/1_10.0.1.157'),('ge-1/0/1','','ge','10.0.1.158','Suc_10.10.0.158','ge-1/0/1_10.0.1.158'),('ge-1/0/1','','ge','10.0.1.159','Suv_10.10.0.159','ge-1/0/1_10.0.1.159'),('ge-1/0/1','','ge','10.0.1.16','Ate_10.10.0.16','ge-1/0/1_10.0.1.16'),('ge-1/0/1','','ge','10.0.1.160','Tal_10.10.0.160','ge-1/0/1_10.0.1.160'),('ge-1/0/1','','ge','10.0.1.161','Tar_10.10.0.161','ge-1/0/1_10.0.1.161'),('ge-1/0/1','','ge','10.0.1.162','Tas_10.10.0.162','ge-1/0/1_10.0.1.162'),('ge-1/0/1','','ge','10.0.1.163','Teg_10.10.0.163','ge-1/0/1_10.0.1.163'),('ge-1/0/1','','ge','10.0.1.164','Teh_10.10.0.164','ge-1/0/1_10.0.1.164'),('ge-1/0/1','','ge','10.0.1.165','Tif_10.10.0.165','ge-1/0/1_10.0.1.165'),('ge-1/0/1','','ge','10.0.1.166','Tim_10.10.0.166','ge-1/0/1_10.0.1.166'),('ge-1/0/1','','ge','10.0.1.167','Tir_10.10.0.167','ge-1/0/1_10.0.1.167'),('ge-1/0/1','','ge','10.0.1.168','Tok_10.10.0.168','ge-1/0/1_10.0.1.168'),('ge-1/0/1','','ge','10.0.1.169','Trí_10.10.0.169','ge-1/0/1_10.0.1.169'),('ge-1/0/1','','ge','10.0.1.17','Bag_10.10.0.17','ge-1/0/1_10.0.1.17'),('ge-1/0/1','','ge','10.0.1.170','Tún_10.10.0.170','ge-1/0/1_10.0.1.170'),('ge-1/0/1','','ge','10.0.1.171','Ula_10.10.0.171','ge-1/0/1_10.0.1.171'),('ge-1/0/1','','ge','10.0.1.172','Vad_10.10.0.172','ge-1/0/1_10.0.1.172'),('ge-1/0/1','','ge','10.0.1.173','Var_10.10.0.173','ge-1/0/1_10.0.1.173'),('ge-1/0/1','','ge','10.0.1.174','Vic_10.10.0.174','ge-1/0/1_10.0.1.174'),('ge-1/0/1','','ge','10.0.1.175','Vie_10.10.0.175','ge-1/0/1_10.0.1.175'),('ge-1/0/1','','ge','10.0.1.176','Vie_10.10.0.176','ge-1/0/1_10.0.1.176'),('ge-1/0/1','','ge','10.0.1.177','Vil_10.10.0.177','ge-1/0/1_10.0.1.177'),('ge-1/0/1','','ge','10.0.1.178','Was_10.10.0.178','ge-1/0/1_10.0.1.178'),('ge-1/0/1','','ge','10.0.1.179','Wel_10.10.0.179','ge-1/0/1_10.0.1.179'),('ge-1/0/1','','ge','10.0.1.18','Bak_10.10.0.18','ge-1/0/1_10.0.1.18'),('ge-1/0/1','','ge','10.0.1.180','Win_10.10.0.180','ge-1/0/1_10.0.1.180'),('ge-1/0/1','','ge','10.0.1.181','Yak_10.10.0.181','ge-1/0/1_10.0.1.181'),('ge-1/0/1','','ge','10.0.1.182','Yam_10.10.0.182','ge-1/0/1_10.0.1.182'),('ge-1/0/1','','ge','10.0.1.183','Yam_10.10.0.183','ge-1/0/1_10.0.1.183'),('ge-1/0/1','','ge','10.0.1.184','Yar_10.10.0.184','ge-1/0/1_10.0.1.184'),('ge-1/0/1','','ge','10.0.1.185','Yau_10.10.0.185','ge-1/0/1_10.0.1.185'),('ge-1/0/1','','ge','10.0.1.186','Yer_10.10.0.186','ge-1/0/1_10.0.1.186'),('ge-1/0/1','','ge','10.0.1.187','Yib_10.10.0.187','ge-1/0/1_10.0.1.187'),('ge-1/0/1','','ge','10.0.1.188','Yub_10.10.0.188','ge-1/0/1_10.0.1.188'),('ge-1/0/1','','ge','10.0.1.189','Zag_10.10.0.189','ge-1/0/1_10.0.1.189'),('ge-1/0/1','','ge','10.0.1.19','Bam_10.10.0.19','ge-1/0/1_10.0.1.19'),('ge-1/0/1','','ge','10.0.1.2','Abu_10.10.0.2','ge-1/0/1_10.0.1.2'),('ge-1/0/1','','ge','10.0.1.20','Ban_10.10.0.20','ge-1/0/1_10.0.1.20'),('ge-1/0/1','','ge','10.0.1.21','Ban_10.10.0.21','ge-1/0/1_10.0.1.21'),('ge-1/0/1','','ge','10.0.1.22','Ban_10.10.0.22','ge-1/0/1_10.0.1.22'),('ge-1/0/1','','ge','10.0.1.23','Ban_10.10.0.23','ge-1/0/1_10.0.1.23'),('ge-1/0/1','','ge','10.0.1.24','Bas_10.10.0.24','ge-1/0/1_10.0.1.24'),('ge-1/0/1','','ge','10.0.1.25','Bei_10.10.0.25','ge-1/0/1_10.0.1.25'),('ge-1/0/1','','ge','10.0.1.26','Bel_10.10.0.26','ge-1/0/1_10.0.1.26'),('ge-1/0/1','','ge','10.0.1.27','Bel_10.10.0.27','ge-1/0/1_10.0.1.27'),('ge-1/0/1','','ge','10.0.1.28','Ber_10.10.0.28','ge-1/0/1_10.0.1.28'),('ge-1/0/1','','ge','10.0.1.29','Ber_10.10.0.29','ge-1/0/1_10.0.1.29'),('ge-1/0/1','','ge','10.0.1.3','Acc_10.10.0.3','ge-1/0/1_10.0.1.3'),('ge-1/0/1','','ge','10.0.1.30','Bis_10.10.0.30','ge-1/0/1_10.0.1.30'),('ge-1/0/1','','ge','10.0.1.31','Bis_10.10.0.31','ge-1/0/1_10.0.1.31'),('ge-1/0/1','','ge','10.0.1.32','Ciu_10.10.0.32','ge-1/0/1_10.0.1.32'),('ge-1/0/1','','ge','10.0.1.33','Bog_10.10.0.33','ge-1/0/1_10.0.1.33'),('ge-1/0/1','','ge','10.0.1.34','Bra_10.10.0.34','ge-1/0/1_10.0.1.34'),('ge-1/0/1','','ge','10.0.1.35','Bra_10.10.0.35','ge-1/0/1_10.0.1.35'),('ge-1/0/1','','ge','10.0.1.36','Bra_10.10.0.36','ge-1/0/1_10.0.1.36'),('ge-1/0/1','','ge','10.0.1.37','Bri_10.10.0.37','ge-1/0/1_10.0.1.37'),('ge-1/0/1','','ge','10.0.1.38','Bru_10.10.0.38','ge-1/0/1_10.0.1.38'),('ge-1/0/1','','ge','10.0.1.39','Buc_10.10.0.39','ge-1/0/1_10.0.1.39'),('ge-1/0/1','','ge','10.0.1.4','Adi_10.10.0.4','ge-1/0/1_10.0.1.4'),('ge-1/0/1','','ge','10.0.1.40','Bud_10.10.0.40','ge-1/0/1_10.0.1.40'),('ge-1/0/1','','ge','10.0.1.41','Bue_10.10.0.41','ge-1/0/1_10.0.1.41'),('ge-1/0/1','','ge','10.0.1.42','Cam_10.10.0.42','ge-1/0/1_10.0.1.42'),('ge-1/0/1','','ge','10.0.1.43','Car_10.10.0.43','ge-1/0/1_10.0.1.43'),('ge-1/0/1','','ge','10.0.1.44','Cas_10.10.0.44','ge-1/0/1_10.0.1.44'),('ge-1/0/1','','ge','10.0.1.45','Che_10.10.0.45','ge-1/0/1_10.0.1.45'),('ge-1/0/1','','ge','10.0.1.46','Ciu_10.10.0.46','ge-1/0/1_10.0.1.46'),('ge-1/0/1','','ge','10.0.1.47','Ciu_10.10.0.47','ge-1/0/1_10.0.1.47'),('ge-1/0/1','','ge','10.0.1.48','Ciu_10.10.0.48','ge-1/0/1_10.0.1.48'),('ge-1/0/1','','ge','10.0.1.49','Ciu_10.10.0.49','ge-1/0/1_10.0.1.49'),('ge-1/0/1','','ge','10.0.1.5','Al _10.10.0.5','ge-1/0/1_10.0.1.5'),('ge-1/0/1','','ge','10.0.1.50','Con_10.10.0.50','ge-1/0/1_10.0.1.50'),('ge-1/0/1','','ge','10.0.1.51','Cop_10.10.0.51','ge-1/0/1_10.0.1.51'),('ge-1/0/1','','ge','10.0.1.52','Dak_10.10.0.52','ge-1/0/1_10.0.1.52'),('ge-1/0/1','','ge','10.0.1.53','Dam_10.10.0.53','ge-1/0/1_10.0.1.53'),('ge-1/0/1','','ge','10.0.1.54','Dha_10.10.0.54','ge-1/0/1_10.0.1.54'),('ge-1/0/1','','ge','10.0.1.55','Dil_10.10.0.55','ge-1/0/1_10.0.1.55'),('ge-1/0/1','','ge','10.0.1.56','Dod_10.10.0.56','ge-1/0/1_10.0.1.56'),('ge-1/0/1','','ge','10.0.1.57','Doh_10.10.0.57','ge-1/0/1_10.0.1.57'),('ge-1/0/1','','ge','10.0.1.58','Dub_10.10.0.58','ge-1/0/1_10.0.1.58'),('ge-1/0/1','','ge','10.0.1.59','Dus_10.10.0.59','ge-1/0/1_10.0.1.59'),('ge-1/0/1','','ge','10.0.1.6','Amm_10.10.0.6','ge-1/0/1_10.0.1.6'),('ge-1/0/1','','ge','10.0.1.60','El _10.10.0.60','ge-1/0/1_10.0.1.60'),('ge-1/0/1','','ge','10.0.1.61','Est_10.10.0.61','ge-1/0/1_10.0.1.61'),('ge-1/0/1','','ge','10.0.1.62','Fre_10.10.0.62','ge-1/0/1_10.0.1.62'),('ge-1/0/1','','ge','10.0.1.63','Fun_10.10.0.63','ge-1/0/1_10.0.1.63'),('ge-1/0/1','','ge','10.0.1.64','Gab_10.10.0.64','ge-1/0/1_10.0.1.64'),('ge-1/0/1','','ge','10.0.1.65','Geo_10.10.0.65','ge-1/0/1_10.0.1.65'),('ge-1/0/1','','ge','10.0.1.66','Buy_10.10.0.66','ge-1/0/1_10.0.1.66'),('ge-1/0/1','','ge','10.0.1.67','Han_10.10.0.67','ge-1/0/1_10.0.1.67'),('ge-1/0/1','','ge','10.0.1.68','Har_10.10.0.68','ge-1/0/1_10.0.1.68'),('ge-1/0/1','','ge','10.0.1.69','Hel_10.10.0.69','ge-1/0/1_10.0.1.69'),('ge-1/0/1','','ge','10.0.1.7','Áms_10.10.0.7','ge-1/0/1_10.0.1.7'),('ge-1/0/1','','ge','10.0.1.70','Hon_10.10.0.70','ge-1/0/1_10.0.1.70'),('ge-1/0/1','','ge','10.0.1.71','Isl_10.10.0.71','ge-1/0/1_10.0.1.71'),('ge-1/0/1','','ge','10.0.1.72','Jar_10.10.0.72','ge-1/0/1_10.0.1.72'),('ge-1/0/1','','ge','10.0.1.73','Jer_10.10.0.73','ge-1/0/1_10.0.1.73'),('ge-1/0/1','','ge','10.0.1.74','Kat_10.10.0.74','ge-1/0/1_10.0.1.74'),('ge-1/0/1','','ge','10.0.1.75','Kie_10.10.0.75','ge-1/0/1_10.0.1.75'),('ge-1/0/1','','ge','10.0.1.76','Kig_10.10.0.76','ge-1/0/1_10.0.1.76'),('ge-1/0/1','','ge','10.0.1.77','Kin_10.10.0.77','ge-1/0/1_10.0.1.77'),('ge-1/0/1','','ge','10.0.1.78','Kin_10.10.0.78','ge-1/0/1_10.0.1.78'),('ge-1/0/1','','ge','10.0.1.79','Kin_10.10.0.79','ge-1/0/1_10.0.1.79'),('ge-1/0/1','','ge','10.0.1.8','And_10.10.0.8','ge-1/0/1_10.0.1.8'),('ge-1/0/1','','ge','10.0.1.80','Kua_10.10.0.80','ge-1/0/1_10.0.1.80'),('ge-1/0/1','','ge','10.0.1.81','La _10.10.0.81','ge-1/0/1_10.0.1.81'),('ge-1/0/1','','ge','10.0.1.82','La _10.10.0.82','ge-1/0/1_10.0.1.82'),('ge-1/0/1','','ge','10.0.1.83','Lib_10.10.0.83','ge-1/0/1_10.0.1.83'),('ge-1/0/1','','ge','10.0.1.84','Lil_10.10.0.84','ge-1/0/1_10.0.1.84'),('ge-1/0/1','','ge','10.0.1.85','Lim_10.10.0.85','ge-1/0/1_10.0.1.85'),('ge-1/0/1','','ge','10.0.1.86','Lis_10.10.0.86','ge-1/0/1_10.0.1.86'),('ge-1/0/1','','ge','10.0.1.87','Liu_10.10.0.87','ge-1/0/1_10.0.1.87'),('ge-1/0/1','','ge','10.0.1.88','Lom_10.10.0.88','ge-1/0/1_10.0.1.88'),('ge-1/0/1','','ge','10.0.1.89','Lon_10.10.0.89','ge-1/0/1_10.0.1.89'),('ge-1/0/1','','ge','10.0.1.9','Est_10.10.0.9','ge-1/0/1_10.0.1.9'),('ge-1/0/1','','ge','10.0.1.90','Lua_10.10.0.90','ge-1/0/1_10.0.1.90'),('ge-1/0/1','','ge','10.0.1.91','Lus_10.10.0.91','ge-1/0/1_10.0.1.91'),('ge-1/0/1','','ge','10.0.1.92','Lux_10.10.0.92','ge-1/0/1_10.0.1.92'),('ge-1/0/1','','ge','10.0.1.93','Mad_10.10.0.93','ge-1/0/1_10.0.1.93'),('ge-1/0/1','','ge','10.0.1.94','Maj_10.10.0.94','ge-1/0/1_10.0.1.94'),('ge-1/0/1','','ge','10.0.1.95','Mal_10.10.0.95','ge-1/0/1_10.0.1.95'),('ge-1/0/1','','ge','10.0.1.96','Mal_10.10.0.96','ge-1/0/1_10.0.1.96'),('ge-1/0/1','','ge','10.0.1.97','Man_10.10.0.97','ge-1/0/1_10.0.1.97'),('ge-1/0/1','','ge','10.0.1.98','Man_10.10.0.98','ge-1/0/1_10.0.1.98'),('ge-1/0/1','','ge','10.0.1.99','Man_10.10.0.99','ge-1/0/1_10.0.1.99'),('ge-1/0/2','','ge','10.0.2.1','Abu_10.10.0.1','ge-1/0/2_10.0.2.1'),('ge-1/0/2','','ge','10.0.2.10','Ant_10.10.0.10','ge-1/0/2_10.0.2.10'),('ge-1/0/2','','ge','10.0.2.100','Map_10.10.0.100','ge-1/0/2_10.0.2.100'),('ge-1/0/2','','ge','10.0.2.101','Mas_10.10.0.101','ge-1/0/2_10.0.2.101'),('ge-1/0/2','','ge','10.0.2.102','Mas_10.10.0.102','ge-1/0/2_10.0.2.102'),('ge-1/0/2','','ge','10.0.2.103','Mba_10.10.0.103','ge-1/0/2_10.0.2.103'),('ge-1/0/2','','ge','10.0.2.104','Min_10.10.0.104','ge-1/0/2_10.0.2.104'),('ge-1/0/2','','ge','10.0.2.105','Mog_10.10.0.105','ge-1/0/2_10.0.2.105'),('ge-1/0/2','','ge','10.0.2.106','Món_10.10.0.106','ge-1/0/2_10.0.2.106'),('ge-1/0/2','','ge','10.0.2.107','Mon_10.10.0.107','ge-1/0/2_10.0.2.107'),('ge-1/0/2','','ge','10.0.2.108','Mor_10.10.0.108','ge-1/0/2_10.0.2.108'),('ge-1/0/2','','ge','10.0.2.109','Mos_10.10.0.109','ge-1/0/2_10.0.2.109'),('ge-1/0/2','','ge','10.0.2.11','Api_10.10.0.11','ge-1/0/2_10.0.2.11'),('ge-1/0/2','','ge','10.0.2.110','Nai_10.10.0.110','ge-1/0/2_10.0.2.110'),('ge-1/0/2','','ge','10.0.2.111','Nai_10.10.0.111','ge-1/0/2_10.0.2.111'),('ge-1/0/2','','ge','10.0.2.112','Nas_10.10.0.112','ge-1/0/2_10.0.2.112'),('ge-1/0/2','','ge','10.0.2.113','Nge_10.10.0.113','ge-1/0/2_10.0.2.113'),('ge-1/0/2','','ge','10.0.2.114','Nia_10.10.0.114','ge-1/0/2_10.0.2.114'),('ge-1/0/2','','ge','10.0.2.115','Nic_10.10.0.115','ge-1/0/2_10.0.2.115'),('ge-1/0/2','','ge','10.0.2.116','Nou_10.10.0.116','ge-1/0/2_10.0.2.116'),('ge-1/0/2','','ge','10.0.2.117','Nue_10.10.0.117','ge-1/0/2_10.0.2.117'),('ge-1/0/2','','ge','10.0.2.118','Nuk_10.10.0.118','ge-1/0/2_10.0.2.118'),('ge-1/0/2','','ge','10.0.2.119','Osl_10.10.0.119','ge-1/0/2_10.0.2.119'),('ge-1/0/2','','ge','10.0.2.12','Arg_10.10.0.12','ge-1/0/2_10.0.2.12'),('ge-1/0/2','','ge','10.0.2.120','Ott_10.10.0.120','ge-1/0/2_10.0.2.120'),('ge-1/0/2','','ge','10.0.2.121','Oua_10.10.0.121','ge-1/0/2_10.0.2.121'),('ge-1/0/2','','ge','10.0.2.122','Pal_10.10.0.122','ge-1/0/2_10.0.2.122'),('ge-1/0/2','','ge','10.0.2.123','Pan_10.10.0.123','ge-1/0/2_10.0.2.123'),('ge-1/0/2','','ge','10.0.2.124','Par_10.10.0.124','ge-1/0/2_10.0.2.124'),('ge-1/0/2','','ge','10.0.2.125','Par_10.10.0.125','ge-1/0/2_10.0.2.125'),('ge-1/0/2','','ge','10.0.2.126','Pek_10.10.0.126','ge-1/0/2_10.0.2.126'),('ge-1/0/2','','ge','10.0.2.127','Phn_10.10.0.127','ge-1/0/2_10.0.2.127'),('ge-1/0/2','','ge','10.0.2.128','Pio_10.10.0.128','ge-1/0/2_10.0.2.128'),('ge-1/0/2','','ge','10.0.2.129','Por_10.10.0.129','ge-1/0/2_10.0.2.129'),('ge-1/0/2','','ge','10.0.2.13','Asj_10.10.0.13','ge-1/0/2_10.0.2.13'),('ge-1/0/2','','ge','10.0.2.130','Por_10.10.0.130','ge-1/0/2_10.0.2.130'),('ge-1/0/2','','ge','10.0.2.131','Por_10.10.0.131','ge-1/0/2_10.0.2.131'),('ge-1/0/2','','ge','10.0.2.132','Pra_10.10.0.132','ge-1/0/2_10.0.2.132'),('ge-1/0/2','','ge','10.0.2.133','Pra_10.10.0.133','ge-1/0/2_10.0.2.133'),('ge-1/0/2','','ge','10.0.2.134','Pue_10.10.0.134','ge-1/0/2_10.0.2.134'),('ge-1/0/2','','ge','10.0.2.135','Pue_10.10.0.135','ge-1/0/2_10.0.2.135'),('ge-1/0/2','','ge','10.0.2.136','Pue_10.10.0.136','ge-1/0/2_10.0.2.136'),('ge-1/0/2','','ge','10.0.2.137','Qui_10.10.0.137','ge-1/0/2_10.0.2.137'),('ge-1/0/2','','ge','10.0.2.138','Rab_10.10.0.138','ge-1/0/2_10.0.2.138'),('ge-1/0/2','','ge','10.0.2.139','Rei_10.10.0.139','ge-1/0/2_10.0.2.139'),('ge-1/0/2','','ge','10.0.2.14','Asm_10.10.0.14','ge-1/0/2_10.0.2.14'),('ge-1/0/2','','ge','10.0.2.140','Ria_10.10.0.140','ge-1/0/2_10.0.2.140'),('ge-1/0/2','','ge','10.0.2.141','Rig_10.10.0.141','ge-1/0/2_10.0.2.141'),('ge-1/0/2','','ge','10.0.2.142','Rom_10.10.0.142','ge-1/0/2_10.0.2.142'),('ge-1/0/2','','ge','10.0.2.143','Ros_10.10.0.143','ge-1/0/2_10.0.2.143'),('ge-1/0/2','','ge','10.0.2.144','Sai_10.10.0.144','ge-1/0/2_10.0.2.144'),('ge-1/0/2','','ge','10.0.2.145','Sai_10.10.0.145','ge-1/0/2_10.0.2.145'),('ge-1/0/2','','ge','10.0.2.146','San_10.10.0.146','ge-1/0/2_10.0.2.146'),('ge-1/0/2','','ge','10.0.2.147','San_10.10.0.147','ge-1/0/2_10.0.2.147'),('ge-1/0/2','','ge','10.0.2.148','San_10.10.0.148','ge-1/0/2_10.0.2.148'),('ge-1/0/2','','ge','10.0.2.149','San_10.10.0.149','ge-1/0/2_10.0.2.149'),('ge-1/0/2','','ge','10.0.2.15','Asu_10.10.0.15','ge-1/0/2_10.0.2.15'),('ge-1/0/2','','ge','10.0.2.150','San_10.10.0.150','ge-1/0/2_10.0.2.150'),('ge-1/0/2','','ge','10.0.2.151','San_10.10.0.151','ge-1/0/2_10.0.2.151'),('ge-1/0/2','','ge','10.0.2.152','San_10.10.0.152','ge-1/0/2_10.0.2.152'),('ge-1/0/2','','ge','10.0.2.153','Sar_10.10.0.153','ge-1/0/2_10.0.2.153'),('ge-1/0/2','','ge','10.0.2.154','Seú_10.10.0.154','ge-1/0/2_10.0.2.154'),('ge-1/0/2','','ge','10.0.2.155','Sin_10.10.0.155','ge-1/0/2_10.0.2.155'),('ge-1/0/2','','ge','10.0.2.156','Sko_10.10.0.156','ge-1/0/2_10.0.2.156'),('ge-1/0/2','','ge','10.0.2.157','Sof_10.10.0.157','ge-1/0/2_10.0.2.157'),('ge-1/0/2','','ge','10.0.2.158','Suc_10.10.0.158','ge-1/0/2_10.0.2.158'),('ge-1/0/2','','ge','10.0.2.159','Suv_10.10.0.159','ge-1/0/2_10.0.2.159'),('ge-1/0/2','','ge','10.0.2.16','Ate_10.10.0.16','ge-1/0/2_10.0.2.16'),('ge-1/0/2','','ge','10.0.2.160','Tal_10.10.0.160','ge-1/0/2_10.0.2.160'),('ge-1/0/2','','ge','10.0.2.161','Tar_10.10.0.161','ge-1/0/2_10.0.2.161'),('ge-1/0/2','','ge','10.0.2.162','Tas_10.10.0.162','ge-1/0/2_10.0.2.162'),('ge-1/0/2','','ge','10.0.2.163','Teg_10.10.0.163','ge-1/0/2_10.0.2.163'),('ge-1/0/2','','ge','10.0.2.164','Teh_10.10.0.164','ge-1/0/2_10.0.2.164'),('ge-1/0/2','','ge','10.0.2.165','Tif_10.10.0.165','ge-1/0/2_10.0.2.165'),('ge-1/0/2','','ge','10.0.2.166','Tim_10.10.0.166','ge-1/0/2_10.0.2.166'),('ge-1/0/2','','ge','10.0.2.167','Tir_10.10.0.167','ge-1/0/2_10.0.2.167'),('ge-1/0/2','','ge','10.0.2.168','Tok_10.10.0.168','ge-1/0/2_10.0.2.168'),('ge-1/0/2','','ge','10.0.2.169','Trí_10.10.0.169','ge-1/0/2_10.0.2.169'),('ge-1/0/2','','ge','10.0.2.17','Bag_10.10.0.17','ge-1/0/2_10.0.2.17'),('ge-1/0/2','','ge','10.0.2.170','Tún_10.10.0.170','ge-1/0/2_10.0.2.170'),('ge-1/0/2','','ge','10.0.2.171','Ula_10.10.0.171','ge-1/0/2_10.0.2.171'),('ge-1/0/2','','ge','10.0.2.172','Vad_10.10.0.172','ge-1/0/2_10.0.2.172'),('ge-1/0/2','','ge','10.0.2.173','Var_10.10.0.173','ge-1/0/2_10.0.2.173'),('ge-1/0/2','','ge','10.0.2.174','Vic_10.10.0.174','ge-1/0/2_10.0.2.174'),('ge-1/0/2','','ge','10.0.2.175','Vie_10.10.0.175','ge-1/0/2_10.0.2.175'),('ge-1/0/2','','ge','10.0.2.176','Vie_10.10.0.176','ge-1/0/2_10.0.2.176'),('ge-1/0/2','','ge','10.0.2.177','Vil_10.10.0.177','ge-1/0/2_10.0.2.177'),('ge-1/0/2','','ge','10.0.2.178','Was_10.10.0.178','ge-1/0/2_10.0.2.178'),('ge-1/0/2','','ge','10.0.2.179','Wel_10.10.0.179','ge-1/0/2_10.0.2.179'),('ge-1/0/2','','ge','10.0.2.18','Bak_10.10.0.18','ge-1/0/2_10.0.2.18'),('ge-1/0/2','','ge','10.0.2.180','Win_10.10.0.180','ge-1/0/2_10.0.2.180'),('ge-1/0/2','','ge','10.0.2.181','Yak_10.10.0.181','ge-1/0/2_10.0.2.181'),('ge-1/0/2','','ge','10.0.2.182','Yam_10.10.0.182','ge-1/0/2_10.0.2.182'),('ge-1/0/2','','ge','10.0.2.183','Yam_10.10.0.183','ge-1/0/2_10.0.2.183'),('ge-1/0/2','','ge','10.0.2.184','Yar_10.10.0.184','ge-1/0/2_10.0.2.184'),('ge-1/0/2','','ge','10.0.2.185','Yau_10.10.0.185','ge-1/0/2_10.0.2.185'),('ge-1/0/2','','ge','10.0.2.186','Yer_10.10.0.186','ge-1/0/2_10.0.2.186'),('ge-1/0/2','','ge','10.0.2.187','Yib_10.10.0.187','ge-1/0/2_10.0.2.187'),('ge-1/0/2','','ge','10.0.2.188','Yub_10.10.0.188','ge-1/0/2_10.0.2.188'),('ge-1/0/2','','ge','10.0.2.189','Zag_10.10.0.189','ge-1/0/2_10.0.2.189'),('ge-1/0/2','','ge','10.0.2.19','Bam_10.10.0.19','ge-1/0/2_10.0.2.19'),('ge-1/0/2','','ge','10.0.2.2','Abu_10.10.0.2','ge-1/0/2_10.0.2.2'),('ge-1/0/2','','ge','10.0.2.20','Ban_10.10.0.20','ge-1/0/2_10.0.2.20'),('ge-1/0/2','','ge','10.0.2.21','Ban_10.10.0.21','ge-1/0/2_10.0.2.21'),('ge-1/0/2','','ge','10.0.2.22','Ban_10.10.0.22','ge-1/0/2_10.0.2.22'),('ge-1/0/2','','ge','10.0.2.23','Ban_10.10.0.23','ge-1/0/2_10.0.2.23'),('ge-1/0/2','','ge','10.0.2.24','Bas_10.10.0.24','ge-1/0/2_10.0.2.24'),('ge-1/0/2','','ge','10.0.2.25','Bei_10.10.0.25','ge-1/0/2_10.0.2.25'),('ge-1/0/2','','ge','10.0.2.26','Bel_10.10.0.26','ge-1/0/2_10.0.2.26'),('ge-1/0/2','','ge','10.0.2.27','Bel_10.10.0.27','ge-1/0/2_10.0.2.27'),('ge-1/0/2','','ge','10.0.2.28','Ber_10.10.0.28','ge-1/0/2_10.0.2.28'),('ge-1/0/2','','ge','10.0.2.29','Ber_10.10.0.29','ge-1/0/2_10.0.2.29'),('ge-1/0/2','','ge','10.0.2.3','Acc_10.10.0.3','ge-1/0/2_10.0.2.3'),('ge-1/0/2','','ge','10.0.2.30','Bis_10.10.0.30','ge-1/0/2_10.0.2.30'),('ge-1/0/2','','ge','10.0.2.31','Bis_10.10.0.31','ge-1/0/2_10.0.2.31'),('ge-1/0/2','','ge','10.0.2.32','Ciu_10.10.0.32','ge-1/0/2_10.0.2.32'),('ge-1/0/2','','ge','10.0.2.33','Bog_10.10.0.33','ge-1/0/2_10.0.2.33'),('ge-1/0/2','','ge','10.0.2.34','Bra_10.10.0.34','ge-1/0/2_10.0.2.34'),('ge-1/0/2','','ge','10.0.2.35','Bra_10.10.0.35','ge-1/0/2_10.0.2.35'),('ge-1/0/2','','ge','10.0.2.36','Bra_10.10.0.36','ge-1/0/2_10.0.2.36'),('ge-1/0/2','','ge','10.0.2.37','Bri_10.10.0.37','ge-1/0/2_10.0.2.37'),('ge-1/0/2','','ge','10.0.2.38','Bru_10.10.0.38','ge-1/0/2_10.0.2.38'),('ge-1/0/2','','ge','10.0.2.39','Buc_10.10.0.39','ge-1/0/2_10.0.2.39'),('ge-1/0/2','','ge','10.0.2.4','Adi_10.10.0.4','ge-1/0/2_10.0.2.4'),('ge-1/0/2','','ge','10.0.2.40','Bud_10.10.0.40','ge-1/0/2_10.0.2.40'),('ge-1/0/2','','ge','10.0.2.41','Bue_10.10.0.41','ge-1/0/2_10.0.2.41'),('ge-1/0/2','','ge','10.0.2.42','Cam_10.10.0.42','ge-1/0/2_10.0.2.42'),('ge-1/0/2','','ge','10.0.2.43','Car_10.10.0.43','ge-1/0/2_10.0.2.43'),('ge-1/0/2','','ge','10.0.2.44','Cas_10.10.0.44','ge-1/0/2_10.0.2.44'),('ge-1/0/2','','ge','10.0.2.45','Che_10.10.0.45','ge-1/0/2_10.0.2.45'),('ge-1/0/2','','ge','10.0.2.46','Ciu_10.10.0.46','ge-1/0/2_10.0.2.46'),('ge-1/0/2','','ge','10.0.2.47','Ciu_10.10.0.47','ge-1/0/2_10.0.2.47'),('ge-1/0/2','','ge','10.0.2.48','Ciu_10.10.0.48','ge-1/0/2_10.0.2.48'),('ge-1/0/2','','ge','10.0.2.49','Ciu_10.10.0.49','ge-1/0/2_10.0.2.49'),('ge-1/0/2','','ge','10.0.2.5','Al _10.10.0.5','ge-1/0/2_10.0.2.5'),('ge-1/0/2','','ge','10.0.2.50','Con_10.10.0.50','ge-1/0/2_10.0.2.50'),('ge-1/0/2','','ge','10.0.2.51','Cop_10.10.0.51','ge-1/0/2_10.0.2.51'),('ge-1/0/2','','ge','10.0.2.52','Dak_10.10.0.52','ge-1/0/2_10.0.2.52'),('ge-1/0/2','','ge','10.0.2.53','Dam_10.10.0.53','ge-1/0/2_10.0.2.53'),('ge-1/0/2','','ge','10.0.2.54','Dha_10.10.0.54','ge-1/0/2_10.0.2.54'),('ge-1/0/2','','ge','10.0.2.55','Dil_10.10.0.55','ge-1/0/2_10.0.2.55'),('ge-1/0/2','','ge','10.0.2.56','Dod_10.10.0.56','ge-1/0/2_10.0.2.56'),('ge-1/0/2','','ge','10.0.2.57','Doh_10.10.0.57','ge-1/0/2_10.0.2.57'),('ge-1/0/2','','ge','10.0.2.58','Dub_10.10.0.58','ge-1/0/2_10.0.2.58'),('ge-1/0/2','','ge','10.0.2.59','Dus_10.10.0.59','ge-1/0/2_10.0.2.59'),('ge-1/0/2','','ge','10.0.2.6','Amm_10.10.0.6','ge-1/0/2_10.0.2.6'),('ge-1/0/2','','ge','10.0.2.60','El _10.10.0.60','ge-1/0/2_10.0.2.60'),('ge-1/0/2','','ge','10.0.2.61','Est_10.10.0.61','ge-1/0/2_10.0.2.61'),('ge-1/0/2','','ge','10.0.2.62','Fre_10.10.0.62','ge-1/0/2_10.0.2.62'),('ge-1/0/2','','ge','10.0.2.63','Fun_10.10.0.63','ge-1/0/2_10.0.2.63'),('ge-1/0/2','','ge','10.0.2.64','Gab_10.10.0.64','ge-1/0/2_10.0.2.64'),('ge-1/0/2','','ge','10.0.2.65','Geo_10.10.0.65','ge-1/0/2_10.0.2.65'),('ge-1/0/2','','ge','10.0.2.66','Buy_10.10.0.66','ge-1/0/2_10.0.2.66'),('ge-1/0/2','','ge','10.0.2.67','Han_10.10.0.67','ge-1/0/2_10.0.2.67'),('ge-1/0/2','','ge','10.0.2.68','Har_10.10.0.68','ge-1/0/2_10.0.2.68'),('ge-1/0/2','','ge','10.0.2.69','Hel_10.10.0.69','ge-1/0/2_10.0.2.69'),('ge-1/0/2','','ge','10.0.2.7','Áms_10.10.0.7','ge-1/0/2_10.0.2.7'),('ge-1/0/2','','ge','10.0.2.70','Hon_10.10.0.70','ge-1/0/2_10.0.2.70'),('ge-1/0/2','','ge','10.0.2.71','Isl_10.10.0.71','ge-1/0/2_10.0.2.71'),('ge-1/0/2','','ge','10.0.2.72','Jar_10.10.0.72','ge-1/0/2_10.0.2.72'),('ge-1/0/2','','ge','10.0.2.73','Jer_10.10.0.73','ge-1/0/2_10.0.2.73'),('ge-1/0/2','','ge','10.0.2.74','Kat_10.10.0.74','ge-1/0/2_10.0.2.74'),('ge-1/0/2','','ge','10.0.2.75','Kie_10.10.0.75','ge-1/0/2_10.0.2.75'),('ge-1/0/2','','ge','10.0.2.76','Kig_10.10.0.76','ge-1/0/2_10.0.2.76'),('ge-1/0/2','','ge','10.0.2.77','Kin_10.10.0.77','ge-1/0/2_10.0.2.77'),('ge-1/0/2','','ge','10.0.2.78','Kin_10.10.0.78','ge-1/0/2_10.0.2.78'),('ge-1/0/2','','ge','10.0.2.79','Kin_10.10.0.79','ge-1/0/2_10.0.2.79'),('ge-1/0/2','','ge','10.0.2.8','And_10.10.0.8','ge-1/0/2_10.0.2.8'),('ge-1/0/2','','ge','10.0.2.80','Kua_10.10.0.80','ge-1/0/2_10.0.2.80'),('ge-1/0/2','','ge','10.0.2.81','La _10.10.0.81','ge-1/0/2_10.0.2.81'),('ge-1/0/2','','ge','10.0.2.82','La _10.10.0.82','ge-1/0/2_10.0.2.82'),('ge-1/0/2','','ge','10.0.2.83','Lib_10.10.0.83','ge-1/0/2_10.0.2.83'),('ge-1/0/2','','ge','10.0.2.84','Lil_10.10.0.84','ge-1/0/2_10.0.2.84'),('ge-1/0/2','','ge','10.0.2.85','Lim_10.10.0.85','ge-1/0/2_10.0.2.85'),('ge-1/0/2','','ge','10.0.2.86','Lis_10.10.0.86','ge-1/0/2_10.0.2.86'),('ge-1/0/2','','ge','10.0.2.87','Liu_10.10.0.87','ge-1/0/2_10.0.2.87'),('ge-1/0/2','','ge','10.0.2.88','Lom_10.10.0.88','ge-1/0/2_10.0.2.88'),('ge-1/0/2','','ge','10.0.2.89','Lon_10.10.0.89','ge-1/0/2_10.0.2.89'),('ge-1/0/2','','ge','10.0.2.9','Est_10.10.0.9','ge-1/0/2_10.0.2.9'),('ge-1/0/2','','ge','10.0.2.90','Lua_10.10.0.90','ge-1/0/2_10.0.2.90'),('ge-1/0/2','','ge','10.0.2.91','Lus_10.10.0.91','ge-1/0/2_10.0.2.91'),('ge-1/0/2','','ge','10.0.2.92','Lux_10.10.0.92','ge-1/0/2_10.0.2.92'),('ge-1/0/2','','ge','10.0.2.93','Mad_10.10.0.93','ge-1/0/2_10.0.2.93'),('ge-1/0/2','','ge','10.0.2.94','Maj_10.10.0.94','ge-1/0/2_10.0.2.94'),('ge-1/0/2','','ge','10.0.2.95','Mal_10.10.0.95','ge-1/0/2_10.0.2.95'),('ge-1/0/2','','ge','10.0.2.96','Mal_10.10.0.96','ge-1/0/2_10.0.2.96'),('ge-1/0/2','','ge','10.0.2.97','Man_10.10.0.97','ge-1/0/2_10.0.2.97'),('ge-1/0/2','','ge','10.0.2.98','Man_10.10.0.98','ge-1/0/2_10.0.2.98'),('ge-1/0/2','','ge','10.0.2.99','Man_10.10.0.99','ge-1/0/2_10.0.2.99');
/*!40000 ALTER TABLE `device_interfaces` ENABLE KEYS */;
UNLOCK TABLES;

--
-- Table structure for table `device_type`
--

DROP TABLE IF EXISTS `device_type`;
/*!40101 SET @saved_cs_client     = @@character_set_client */;
/*!50503 SET character_set_client = utf8mb4 */;
CREATE TABLE `device_type` (
  `DEV_MOD` varchar(30) NOT NULL,
  `DEV_TYPE` varchar(30) NOT NULL,
  `DEV_OS_VERSION` varchar(30) NOT NULL,
  `DEV_PART_NO` varchar(30) NOT NULL,
  PRIMARY KEY (`DEV_MOD`)
) ENGINE=InnoDB DEFAULT CHARSET=utf8mb4 COLLATE=utf8mb4_0900_ai_ci;
/*!40101 SET character_set_client = @saved_cs_client */;

--
-- Dumping data for table `device_type`
--

LOCK TABLES `device_type` WRITE;
/*!40000 ALTER TABLE `device_type` DISABLE KEYS */;
INSERT INTO `device_type` VALUES ('C3850','CATALYST','V23','WS-C3850-48F-S'),('C9200','CATALYST','V23','C9200-48P-E'),('C9300','CATALYST','V22','C9300-48P-A'),('C9500','CATALYST','V26','C9500-40X-A'),('N9504','NEXUS','V27','N9K-C9504'),('N9516','NEXUS','V27','N9K-C9516');
/*!40000 ALTER TABLE `device_type` ENABLE KEYS */;
UNLOCK TABLES;

--
-- Table structure for table `log_inventario_equipo`
--

DROP TABLE IF EXISTS `log_inventario_equipo`;
/*!40101 SET @saved_cs_client     = @@character_set_client */;
/*!50503 SET character_set_client = utf8mb4 */;
CREATE TABLE `log_inventario_equipo` (
  `ID_CHANGE` int unsigned NOT NULL AUTO_INCREMENT,
  `DEV_ID` varchar(50) DEFAULT NULL,
  `DEV_SERIAL_NO` varchar(30) DEFAULT NULL,
  `TIPE_CHANGE` varchar(30) DEFAULT NULL,
  `USER_DB` varchar(50) DEFAULT NULL,
  `MODIFY_DATE` timestamp NOT NULL,
  PRIMARY KEY (`ID_CHANGE`)
) ENGINE=InnoDB AUTO_INCREMENT=10 DEFAULT CHARSET=utf8mb4 COLLATE=utf8mb4_0900_ai_ci;
/*!40101 SET character_set_client = @saved_cs_client */;

--
-- Dumping data for table `log_inventario_equipo`
--

LOCK TABLES `log_inventario_equipo` WRITE;
/*!40000 ALTER TABLE `log_inventario_equipo` DISABLE KEYS */;
INSERT INTO `log_inventario_equipo` VALUES (1,'test_192.168.20.1','v5mjo2YS','Insert','root@localhost','2023-01-17 01:02:14'),(2,'test_192.168.20.2','v5Pjo2YS','Insert','root@localhost','2023-01-17 01:02:14'),(3,'test_192.168.20.3','v5PLo2YS','Insert','root@localhost','2023-01-17 01:02:14'),(4,'test_192.168.20.3','v5PLo2YS','DELETED','root@localhost','2023-01-17 01:02:14'),(5,'test_192.168.20.1','v5mjo2YS','DELETED','root@localhost','2023-01-17 01:06:35'),(6,'test_192.168.20.2','v5Pjo2YS','DELETED','root@localhost','2023-01-17 01:06:35'),(7,'test_192.168.20.1','v5mjo2YS','Insert','root@localhost','2023-01-17 01:06:39'),(8,'test_192.168.20.2','v5Pjo2YS','Insert','root@localhost','2023-01-17 01:06:39'),(9,'test_192.168.20.3','v5PLo2YS','Insert','root@localhost','2023-01-17 01:06:39');
/*!40000 ALTER TABLE `log_inventario_equipo` ENABLE KEYS */;
UNLOCK TABLES;

--
-- Table structure for table `module_device`
--

DROP TABLE IF EXISTS `module_device`;
/*!40101 SET @saved_cs_client     = @@character_set_client */;
/*!50503 SET character_set_client = utf8mb4 */;
CREATE TABLE `module_device` (
  `MODULE_MOD` varchar(30) NOT NULL,
  `DEV_ID` varchar(50) NOT NULL,
  `MODULE_SERIAL_NO` varchar(30) NOT NULL,
  PRIMARY KEY (`DEV_ID`),
  KEY `MODULE_MOD` (`MODULE_MOD`),
  CONSTRAINT `module_device_ibfk_1` FOREIGN KEY (`MODULE_MOD`) REFERENCES `module_type` (`MODULE_MOD`),
  CONSTRAINT `module_device_ibfk_2` FOREIGN KEY (`DEV_ID`) REFERENCES `device` (`DEV_ID`)
) ENGINE=InnoDB DEFAULT CHARSET=utf8mb4 COLLATE=utf8mb4_0900_ai_ci;
/*!40101 SET character_set_client = @saved_cs_client */;

--
-- Dumping data for table `module_device`
--

LOCK TABLES `module_device` WRITE;
/*!40000 ALTER TABLE `module_device` DISABLE KEYS */;
INSERT INTO `module_device` VALUES ('J3300-NM-M','Abu_10.10.0.1','fGHeGhWnnmeJLR'),('T6300-NM-S','Abu_10.10.0.2','ogkQ8P7mA63z5x'),('Q9300-NM-J','Acc_10.10.0.3','XZLE8JnnH4yQYo'),('F8300-NM-J','Adi_10.10.0.4','G9XLXDPdPc2Qam'),('S5300-NM-Y','Al _10.10.0.5','zyvPZ6g8JpZGjW'),('N3300-NM-D','Amm_10.10.0.6','iPNiSCtwbfuomp'),('H9300-NM-W','Áms_10.10.0.7','sLekuivuaEUmh9'),('G7300-NM-M','And_10.10.0.8','PmbfugZW5UvpWV'),('Q3300-NM-C','Ant_10.10.0.10','SKdaDqKjotBKUL'),('K9300-NM-N','Api_10.10.0.11','FBx4aPUSaERMQe'),('F2300-NM-H','Arg_10.10.0.12','72Jxk7DzZ8xwPv'),('X6300-NM-Y','Asj_10.10.0.13','VZskS4RVGznj9Q'),('K8300-NM-F','Asm_10.10.0.14','GEXVdpTLGvhZfL'),('Z3300-NM-U','Asu_10.10.0.15','evCZ3HLKGVKC97'),('Q3300-NM-V','Ate_10.10.0.16','4TaDZiu42u8LeA'),('F9300-NM-H','Bag_10.10.0.17','RRRNUjVfFcRC9K'),('G8300-NM-A','Bak_10.10.0.18','Tkk6FLYy2TaR4v'),('N6300-NM-A','Bam_10.10.0.19','9GhabJJWPbhE7b'),('G7300-NM-Q','Ban_10.10.0.20','aoJJ6L4qqDEXsD'),('J3300-NM-M','Ban_10.10.0.21','4FQDQURFfRktgu'),('T6300-NM-S','Ban_10.10.0.22','mkWvyGzUHvywEq'),('Q9300-NM-J','Ban_10.10.0.23','fsg8ercKh9HJfd'),('F8300-NM-J','Bas_10.10.0.24','tVq5sxAUZr8tcW'),('S5300-NM-Y','Bei_10.10.0.25','Y7vyQ9PFShHENM'),('N3300-NM-D','Bel_10.10.0.26','kcxCwkiVjC78JK'),('H9300-NM-W','Bel_10.10.0.27','iT2b8HfMkrQm3M'),('G7300-NM-M','Ber_10.10.0.28','uWKoo5uVHpxmMG'),('M5300-NM-B','Ber_10.10.0.29','TrPg8w2GFTkr3h'),('Q3300-NM-C','Bis_10.10.0.30','UCo2PXaEMTaozj'),('K9300-NM-N','Bis_10.10.0.31','H9wSGU2yQrBsek'),('X6300-NM-Y','Bog_10.10.0.33','qMQkS2r7PCxH3s'),('K8300-NM-F','Bra_10.10.0.34','FVQAZMQDyziD9f'),('Z3300-NM-U','Bra_10.10.0.35','v4PFvdCtfCUPrC'),('Q3300-NM-V','Bra_10.10.0.36','fmDoeU4xWt9vXv'),('F9300-NM-H','Bri_10.10.0.37','u238d23sAQE32d'),('G8300-NM-A','Bru_10.10.0.38','qcq4YequmYzNjo'),('N6300-NM-A','Buc_10.10.0.39','x2ywL9icsNLvMp'),('G7300-NM-Q','Bud_10.10.0.40','qGt7aPmPF8LukW'),('J3300-NM-M','Bue_10.10.0.41','koQusjJyKM6Hit'),('N3300-NM-D','Buy_10.10.0.66','tscX4UGnTJMHVK'),('T6300-NM-S','Cam_10.10.0.42','2m3XWNd4MKp2Xb'),('Q9300-NM-J','Car_10.10.0.43','Vc7a7xDef2tkZp'),('F8300-NM-J','Cas_10.10.0.44','2KEXEur6U9nqkZ'),('S5300-NM-Y','Che_10.10.0.45','kHXKcPapWaQiTR'),('F2300-NM-H','Ciu_10.10.0.32','CmGXmdWRkABbHd'),('N3300-NM-D','Ciu_10.10.0.46','poRdDvJKTjYUsg'),('H9300-NM-W','Ciu_10.10.0.47','Fz8g5ZX2Ft5gX5'),('G7300-NM-M','Ciu_10.10.0.48','KiuiAqoRZq7L35'),('M5300-NM-B','Ciu_10.10.0.49','FeqBZ8jkaNgU7d'),('Q3300-NM-C','Con_10.10.0.50','hXJEqpZbCMXedC'),('K9300-NM-N','Cop_10.10.0.51','ThRF4s8vSSjsPi'),('F2300-NM-H','Dak_10.10.0.52','2D55wxajK7WMSj'),('X6300-NM-Y','Dam_10.10.0.53','3MkXkMBLBCbZZW'),('K8300-NM-F','Dha_10.10.0.54','noKRYCXPwKe4sE'),('Z3300-NM-U','Dil_10.10.0.55','rHu4VN9i6GSm5q'),('Q3300-NM-V','Dod_10.10.0.56','SKMq2hN8vHr5ts'),('F9300-NM-H','Doh_10.10.0.57','tRyV5jfAJ3maPj'),('G8300-NM-A','Dub_10.10.0.58','5p2C5QcSAwsUPS'),('N6300-NM-A','Dus_10.10.0.59','k4cAC5p3U462tZ'),('G7300-NM-Q','El _10.10.0.60','jFBpJd6QpTtmLP'),('J3300-NM-M','Est_10.10.0.61','jEo2dYv5vuM2Er'),('M5300-NM-B','Est_10.10.0.9','YhnM3N3sX5ZB6s'),('T6300-NM-S','Fre_10.10.0.62','VYMdDpKPmeUULk'),('Q9300-NM-J','Fun_10.10.0.63','YUR7xedFR8gi9i'),('F8300-NM-J','Gab_10.10.0.64','GpNRKnDY4Kurc2'),('S5300-NM-Y','Geo_10.10.0.65','7Vod7XZhm7rL5k'),('H9300-NM-W','Han_10.10.0.67','mHUaYHkUiDKFN5'),('G7300-NM-M','Har_10.10.0.68','fZYPZgkAzQti4n'),('M5300-NM-B','Hel_10.10.0.69','hmvodZWWKsANVS'),('Q3300-NM-C','Hon_10.10.0.70','zzTo38vs8SGfKE'),('K9300-NM-N','Isl_10.10.0.71','YEjEnXKTpMN4SW'),('F2300-NM-H','Jar_10.10.0.72','FepCwBs6QMpfeh'),('X6300-NM-Y','Jer_10.10.0.73','bTiPTAN6si6gGA'),('K8300-NM-F','Kat_10.10.0.74','FBiAHDxYxjoA6X'),('Z3300-NM-U','Kie_10.10.0.75','H6mdRjnNnKyeJA'),('Q3300-NM-V','Kig_10.10.0.76','y6gaQLrhCMeWKU'),('F9300-NM-H','Kin_10.10.0.77','x9DZx2N8GkqsxE'),('G8300-NM-A','Kin_10.10.0.78','JVDkyAmBths4BX'),('N6300-NM-A','Kin_10.10.0.79','DSfhjU4bkpcVd6'),('G7300-NM-Q','Kua_10.10.0.80','PiRu9mTUY4K9oC'),('J3300-NM-M','La _10.10.0.81','fy5P2jSvbvEsQR'),('T6300-NM-S','La _10.10.0.82','gJFGc8zekat5Vx'),('Q9300-NM-J','Lib_10.10.0.83','gWE34rpsfMpbsd'),('F8300-NM-J','Lil_10.10.0.84','PVMWDaBHUxWvzi'),('S5300-NM-Y','Lim_10.10.0.85','3QxwSzoQKS3PYm'),('N3300-NM-D','Lis_10.10.0.86','GcRqvrAQEW2U6Z'),('H9300-NM-W','Liu_10.10.0.87','CdcuwQMk3DJNZk'),('G7300-NM-M','Lom_10.10.0.88','DzTAxVXbAdUmyj'),('M5300-NM-B','Lon_10.10.0.89','STXMaMgZuhVWxZ'),('Q3300-NM-C','Lua_10.10.0.90','GQ9H4kZkgevqyv'),('K9300-NM-N','Lus_10.10.0.91','WMSEzZxNjymRbQ'),('F2300-NM-H','Lux_10.10.0.92','sTJcTtTNhGvSCB'),('X6300-NM-Y','Mad_10.10.0.93','6XkUwtLQRgmqDP'),('K8300-NM-F','Maj_10.10.0.94','YBcg4qPGdAMae5'),('Z3300-NM-U','Mal_10.10.0.95','8ZXWLtasBi2Cbe'),('Q3300-NM-V','Mal_10.10.0.96','98XhDiKqH9LwN7'),('F9300-NM-H','Man_10.10.0.97','LPMp2wi3XYgWaU'),('G8300-NM-A','Man_10.10.0.98','DJVzsPLyn5m6fP'),('N6300-NM-A','Man_10.10.0.99','XZ5HgjwfsU9D56'),('G7300-NM-Q','Map_10.10.0.100','EjL3BHFkeUA9xK'),('J3300-NM-M','Mas_10.10.0.101','nyZZdoHxASTZyf'),('T6300-NM-S','Mas_10.10.0.102','TSgpTByVTdrChT'),('Q9300-NM-J','Mba_10.10.0.103','giBgA36gqc4gcV'),('F8300-NM-J','Min_10.10.0.104','93bRj3dViiZecz'),('S5300-NM-Y','Mog_10.10.0.105','f4nJiuVB7MVVbE'),('N3300-NM-D','Món_10.10.0.106','5jrLhCJxggh9bE'),('H9300-NM-W','Mon_10.10.0.107','EFTCnj6gMqyNBJ'),('G7300-NM-M','Mor_10.10.0.108','Xn3fjUammRyYua'),('M5300-NM-B','Mos_10.10.0.109','kk28bYu67g9PSt'),('Q3300-NM-C','Nai_10.10.0.110','3DwASqkS5uKcDV'),('K9300-NM-N','Nai_10.10.0.111','LP87fnh6rtDZEP'),('F2300-NM-H','Nas_10.10.0.112','5n5hNRg9jztf2C'),('X6300-NM-Y','Nge_10.10.0.113','Q2MartzNMTwaXo'),('K8300-NM-F','Nia_10.10.0.114','2TjtDeogZ9HVpQ'),('Z3300-NM-U','Nic_10.10.0.115','wvusBWqai3J6rS'),('Q3300-NM-V','Nou_10.10.0.116','Pe2Uh8q6Zypeii'),('F9300-NM-H','Nue_10.10.0.117','mSfcS4AfSHnGJw'),('G8300-NM-A','Nuk_10.10.0.118','CVgDtThxpd2F5z'),('N6300-NM-A','Osl_10.10.0.119','zbiMyCxKBPg6hp'),('G7300-NM-Q','Ott_10.10.0.120','YyjL4JvgKafpQ3'),('J3300-NM-M','Oua_10.10.0.121','EKFR9HkkYQt5hd'),('T6300-NM-S','Pal_10.10.0.122','NaUC3xLQ8DHJsN'),('Q9300-NM-J','Pan_10.10.0.123','YYnyRtRRJFrsgG'),('F8300-NM-J','Par_10.10.0.124','zYtWP2qTSGLMVr'),('S5300-NM-Y','Par_10.10.0.125','2z6S5eFR4p8dTi'),('N3300-NM-D','Pek_10.10.0.126','xxx4kUjkbhw5pz'),('H9300-NM-W','Phn_10.10.0.127','baSjc6kiD5Andz'),('G7300-NM-M','Pio_10.10.0.128','onrFjmEW94Mepf'),('M5300-NM-B','Por_10.10.0.129','Ziho2oKLwXtgXk'),('Q3300-NM-C','Por_10.10.0.130','57UZadczGtnXUx'),('K9300-NM-N','Por_10.10.0.131','KT3hC4k4N62mmS'),('F2300-NM-H','Pra_10.10.0.132','GgcwqLKX8iNyc8'),('X6300-NM-Y','Pra_10.10.0.133','D3fKdiCp2UQnG4'),('K8300-NM-F','Pue_10.10.0.134','HoNtP497j7hFSo'),('Z3300-NM-U','Pue_10.10.0.135','d4rkUDCbQSXjuA'),('Q3300-NM-V','Pue_10.10.0.136','AbSkHFJqyB78gD'),('F9300-NM-H','Qui_10.10.0.137','sVuvEPrhWDvwwH'),('G8300-NM-A','Rab_10.10.0.138','mTJRhdSEfRF5dT'),('N6300-NM-A','Rei_10.10.0.139','xDokbRLc4Tc2t9'),('G7300-NM-Q','Ria_10.10.0.140','GqHeGUrfSBCGTw'),('J3300-NM-M','Rig_10.10.0.141','PGRw26ZeYNNsvX'),('T6300-NM-S','Rom_10.10.0.142','wguK8VoaQXE6rq'),('Q9300-NM-J','Ros_10.10.0.143','92YRzZnBomWTQm'),('F8300-NM-J','Sai_10.10.0.144','kvRZqrTmnSdjVK'),('S5300-NM-Y','Sai_10.10.0.145','bFkWkoAZ855RFD'),('N3300-NM-D','San_10.10.0.146','ipQrrgSMh3VH8w'),('H9300-NM-W','San_10.10.0.147','KGRNxTNKhMnqzr'),('G7300-NM-M','San_10.10.0.148','q3HKYkSBNLnxQi'),('M5300-NM-B','San_10.10.0.149','kazxDn46GRwcNz'),('Q3300-NM-C','San_10.10.0.150','59TWKbnxPdL6rP'),('K9300-NM-N','San_10.10.0.151','Vc6indMUN2cMaM'),('F2300-NM-H','San_10.10.0.152','UzVnLYsNTjw6y9'),('X6300-NM-Y','Sar_10.10.0.153','qZEsEddcp85SHz'),('K8300-NM-F','Seú_10.10.0.154','YBQEbFNi4dwvL6'),('Z3300-NM-U','Sin_10.10.0.155','agGDXndPcVPAKA'),('Q3300-NM-V','Sko_10.10.0.156','Xv4r2c6obQPNwy'),('F9300-NM-H','Sof_10.10.0.157','MBGZHuKSxdBfeB'),('G8300-NM-A','Suc_10.10.0.158','czdzFhBjfKrUxG'),('N6300-NM-A','Suv_10.10.0.159','abfAeqGReDXYQg'),('G7300-NM-Q','Tal_10.10.0.160','eG5WfCB9HvRgM9'),('J3300-NM-M','Tar_10.10.0.161','V72yVYZuZbUSfT'),('T6300-NM-S','Tas_10.10.0.162','LZDpp7ymmPLxtY'),('Q9300-NM-J','Teg_10.10.0.163','4dMDkobEFRVCT2'),('F8300-NM-J','Teh_10.10.0.164','7hjmw4uuRoYe6u'),('S5300-NM-Y','Tif_10.10.0.165','UWicgqXncHELhu'),('N3300-NM-D','Tim_10.10.0.166','NLH8vHDFn3mWAb'),('H9300-NM-W','Tir_10.10.0.167','6jjEdioKADstEb'),('G7300-NM-M','Tok_10.10.0.168','UB6pAHh2Sz5qCo'),('M5300-NM-B','Trí_10.10.0.169','sj8CmKck6aF9pT'),('Q3300-NM-C','Tún_10.10.0.170','F4sg3XREhRZc3a'),('K9300-NM-N','Ula_10.10.0.171','8KC6sXMhhUU5r4'),('F2300-NM-H','Vad_10.10.0.172','9WofBKeQpkJbmY'),('X6300-NM-Y','Var_10.10.0.173','CJ2KSFJNPJtUyW'),('K8300-NM-F','Vic_10.10.0.174','2LAM5G9U4dJKhc'),('Z3300-NM-U','Vie_10.10.0.175','ksDZr92sqriJUo'),('Q3300-NM-V','Vie_10.10.0.176','A7aXx7BQPA9QPT'),('F9300-NM-H','Vil_10.10.0.177','GNMYVtgvDc2ysf'),('G8300-NM-A','Was_10.10.0.178','ZKUABPwQryLN29'),('N6300-NM-A','Wel_10.10.0.179','yuMce6xHH7eoqx'),('G7300-NM-Q','Win_10.10.0.180','NyNbG7wTUjzqMB'),('J3300-NM-M','Yak_10.10.0.181','9nJ4dA2gAPGn7b'),('T6300-NM-S','Yam_10.10.0.182','8tuBHqD3y96hXA'),('Q9300-NM-J','Yam_10.10.0.183','X7dJmJhKNAFFDo'),('F8300-NM-J','Yar_10.10.0.184','LwvEyorp3sj5Kp'),('S5300-NM-Y','Yau_10.10.0.185','YC6f4ZaVp4WYi8'),('N3300-NM-D','Yer_10.10.0.186','yuKZEpViyGEMF9'),('H9300-NM-W','Yib_10.10.0.187','j3A34k8FFFQwVy'),('G7300-NM-M','Yub_10.10.0.188','ohYHMBd9QyBVbi'),('M5300-NM-B','Zag_10.10.0.189','uiiHg5DTnSD9jX');
/*!40000 ALTER TABLE `module_device` ENABLE KEYS */;
UNLOCK TABLES;

--
-- Table structure for table `module_type`
--

DROP TABLE IF EXISTS `module_type`;
/*!40101 SET @saved_cs_client     = @@character_set_client */;
/*!50503 SET character_set_client = utf8mb4 */;
CREATE TABLE `module_type` (
  `MODULE_MOD` varchar(30) NOT NULL,
  `MODULE_TYPE` varchar(15) NOT NULL,
  `MODULE_OS_VERSION` varchar(30) NOT NULL,
  `MODULE_PART_NO` varchar(30) NOT NULL,
  PRIMARY KEY (`MODULE_MOD`)
) ENGINE=InnoDB DEFAULT CHARSET=utf8mb4 COLLATE=utf8mb4_0900_ai_ci;
/*!40101 SET character_set_client = @saved_cs_client */;

--
-- Dumping data for table `module_type`
--

LOCK TABLES `module_type` WRITE;
/*!40000 ALTER TABLE `module_type` DISABLE KEYS */;
INSERT INTO `module_type` VALUES ('F2300-NM-H','Card','v33','hBmKLqsc'),('F8300-NM-J','Card','v23','HBj8sPBK'),('F9300-NM-H','Card','v33','xbogJ8jM'),('G7300-NM-M','Card','v23','qLEbyy43'),('G7300-NM-Q','Card','v33','3EXSoGkQ'),('G8300-NM-A','Card','v33','es5CcEDs'),('H9300-NM-W','Card','v23','7wRLU7h6'),('J3300-NM-M','Card','v23','PpSdvcBQ'),('K8300-NM-F','Card','v33','T2VUm4Pw'),('K9300-NM-N','Card','v33','DzY2LPH2'),('M5300-NM-B','Card','v31','z457YKbQ'),('N3300-NM-D','Card','v23','MpMkzePz'),('N6300-NM-A','Card','v33','ykqWJ66n'),('Q3300-NM-C','Card','v32','fH6sqBQG'),('Q3300-NM-V','Card','v33','J2Wt9kx3'),('Q9300-NM-J','Card','v23','jNiJKMfh'),('S5300-NM-Y','Card','v23','xNV9dN7V'),('T6300-NM-S','Card','v23','yynuk7gX'),('X6300-NM-Y','Card','v33','KjVbc4qg'),('Z3300-NM-U','Card','v33','EZjUCM2W');
/*!40000 ALTER TABLE `module_type` ENABLE KEYS */;
UNLOCK TABLES;

--
-- Temporary view structure for view `v_devices_inventory_count`
--

DROP TABLE IF EXISTS `v_devices_inventory_count`;
/*!50001 DROP VIEW IF EXISTS `v_devices_inventory_count`*/;
SET @saved_cs_client     = @@character_set_client;
/*!50503 SET character_set_client = utf8mb4 */;
/*!50001 CREATE VIEW `v_devices_inventory_count` AS SELECT 
 1 AS `Modelos`,
 1 AS `Numero_de_Modelos`,
 1 AS `Familia`,
 1 AS `Numero_de_parte`,
 1 AS `Software`*/;
SET character_set_client = @saved_cs_client;

--
-- Temporary view structure for view `v_devices_inventory_list`
--

DROP TABLE IF EXISTS `v_devices_inventory_list`;
/*!50001 DROP VIEW IF EXISTS `v_devices_inventory_list`*/;
SET @saved_cs_client     = @@character_set_client;
/*!50503 SET character_set_client = utf8mb4 */;
/*!50001 CREATE VIEW `v_devices_inventory_list` AS SELECT 
 1 AS `Host_Name`,
 1 AS `Ubicacion`,
 1 AS `IP`,
 1 AS `Serial`,
 1 AS `Modelo`,
 1 AS `Familia`,
 1 AS `Numero_de_parte`,
 1 AS `Software`*/;
SET character_set_client = @saved_cs_client;

--
-- Temporary view structure for view `v_devices_type_list`
--

DROP TABLE IF EXISTS `v_devices_type_list`;
/*!50001 DROP VIEW IF EXISTS `v_devices_type_list`*/;
SET @saved_cs_client     = @@character_set_client;
/*!50503 SET character_set_client = utf8mb4 */;
/*!50001 CREATE VIEW `v_devices_type_list` AS SELECT 
 1 AS `Modelo`,
 1 AS `Tipo`,
 1 AS `Software`,
 1 AS `Numero_de_Parte`*/;
SET character_set_client = @saved_cs_client;

--
-- Temporary view structure for view `v_module_inventory_count`
--

DROP TABLE IF EXISTS `v_module_inventory_count`;
/*!50001 DROP VIEW IF EXISTS `v_module_inventory_count`*/;
SET @saved_cs_client     = @@character_set_client;
/*!50503 SET character_set_client = utf8mb4 */;
/*!50001 CREATE VIEW `v_module_inventory_count` AS SELECT 
 1 AS `Modelos`,
 1 AS `Numero_de_Modelos`,
 1 AS `Tipo`,
 1 AS `Software`,
 1 AS `Numero_de_Parte`*/;
SET character_set_client = @saved_cs_client;

--
-- Temporary view structure for view `v_module_inventory_list`
--

DROP TABLE IF EXISTS `v_module_inventory_list`;
/*!50001 DROP VIEW IF EXISTS `v_module_inventory_list`*/;
SET @saved_cs_client     = @@character_set_client;
/*!50503 SET character_set_client = utf8mb4 */;
/*!50001 CREATE VIEW `v_module_inventory_list` AS SELECT 
 1 AS `Modelo_del_modulo`,
 1 AS `Serial_modelo`,
 1 AS `Host_Name`,
 1 AS `Ubicacion`,
 1 AS `IP`,
 1 AS `Serial_equipo`,
 1 AS `Modelo_del_equipo`,
 1 AS `Familia`,
 1 AS `Numero_de_parte`,
 1 AS `Software`*/;
SET character_set_client = @saved_cs_client;

--
-- Temporary view structure for view `v_module_type_list`
--

DROP TABLE IF EXISTS `v_module_type_list`;
/*!50001 DROP VIEW IF EXISTS `v_module_type_list`*/;
SET @saved_cs_client     = @@character_set_client;
/*!50503 SET character_set_client = utf8mb4 */;
/*!50001 CREATE VIEW `v_module_type_list` AS SELECT 
 1 AS `Modelo`,
 1 AS `Tipo`,
 1 AS `Software`,
 1 AS `Numero_de_Parte`*/;
SET character_set_client = @saved_cs_client;

--
-- Dumping routines for database 'network_inventory'
--
/*!50003 DROP FUNCTION IF EXISTS `FUN_BUSQUEDA_EQUIPO` */;
/*!50003 SET @saved_cs_client      = @@character_set_client */ ;
/*!50003 SET @saved_cs_results     = @@character_set_results */ ;
/*!50003 SET @saved_col_connection = @@collation_connection */ ;
/*!50003 SET character_set_client  = utf8mb4 */ ;
/*!50003 SET character_set_results = utf8mb4 */ ;
/*!50003 SET collation_connection  = utf8mb4_0900_ai_ci */ ;
/*!50003 SET @saved_sql_mode       = @@sql_mode */ ;
/*!50003 SET sql_mode              = 'STRICT_TRANS_TABLES,NO_ENGINE_SUBSTITUTION' */ ;
DELIMITER ;;
CREATE DEFINER=`root`@`localhost` FUNCTION `FUN_BUSQUEDA_EQUIPO`(IP char(60)) RETURNS varchar(200) CHARSET utf8mb4
    READS SQL DATA
BEGIN
	declare DEV_ID char(60);
    SELECT device.DEV_ID
	INTO DEV_ID
		from device
		where device.DEV_IP = IP;
	RETURN DEV_ID;
END ;;
DELIMITER ;
/*!50003 SET sql_mode              = @saved_sql_mode */ ;
/*!50003 SET character_set_client  = @saved_cs_client */ ;
/*!50003 SET character_set_results = @saved_cs_results */ ;
/*!50003 SET collation_connection  = @saved_col_connection */ ;
/*!50003 DROP FUNCTION IF EXISTS `FUN_CUENTA_INTERFAZ` */;
/*!50003 SET @saved_cs_client      = @@character_set_client */ ;
/*!50003 SET @saved_cs_results     = @@character_set_results */ ;
/*!50003 SET @saved_col_connection = @@collation_connection */ ;
/*!50003 SET character_set_client  = utf8mb4 */ ;
/*!50003 SET character_set_results = utf8mb4 */ ;
/*!50003 SET collation_connection  = utf8mb4_0900_ai_ci */ ;
/*!50003 SET @saved_sql_mode       = @@sql_mode */ ;
/*!50003 SET sql_mode              = 'STRICT_TRANS_TABLES,NO_ENGINE_SUBSTITUTION' */ ;
DELIMITER ;;
CREATE DEFINER=`root`@`localhost` FUNCTION `FUN_CUENTA_INTERFAZ`(ID char(60)) RETURNS int
    READS SQL DATA
BEGIN
	declare CUENTA int;
    SELECT count(device_interfaces.INT_ID)
	INTO CUENTA
		from device
		inner join device_interfaces on device_interfaces.DEV_ID = device.DEV_ID
		where device.DEV_ID = ID;
	RETURN CUENTA;
END ;;
DELIMITER ;
/*!50003 SET sql_mode              = @saved_sql_mode */ ;
/*!50003 SET character_set_client  = @saved_cs_client */ ;
/*!50003 SET character_set_results = @saved_cs_results */ ;
/*!50003 SET collation_connection  = @saved_col_connection */ ;
/*!50003 DROP PROCEDURE IF EXISTS `SP_insert_device` */;
/*!50003 SET @saved_cs_client      = @@character_set_client */ ;
/*!50003 SET @saved_cs_results     = @@character_set_results */ ;
/*!50003 SET @saved_col_connection = @@collation_connection */ ;
/*!50003 SET character_set_client  = utf8mb4 */ ;
/*!50003 SET character_set_results = utf8mb4 */ ;
/*!50003 SET collation_connection  = utf8mb4_0900_ai_ci */ ;
/*!50003 SET @saved_sql_mode       = @@sql_mode */ ;
/*!50003 SET sql_mode              = 'STRICT_TRANS_TABLES,NO_ENGINE_SUBSTITUTION' */ ;
DELIMITER ;;
CREATE DEFINER=`root`@`localhost` PROCEDURE `SP_insert_device`(IN DEV_MOD varchar(30), 
								IN DEV_HOST_NAME varchar(30), 
								IN DEV_LOCATION varchar(30), 
								IN DEV_IP varchar(16), 
								IN DEV_SERIAL_NO varchar(30),
                                IN DEV_ID varchar(50))
BEGIN
	INSERT INTO device VALUES
    (DEV_MOD, DEV_HOST_NAME, DEV_LOCATION, DEV_IP, DEV_SERIAL_NO, DEV_ID);

END ;;
DELIMITER ;
/*!50003 SET sql_mode              = @saved_sql_mode */ ;
/*!50003 SET character_set_client  = @saved_cs_client */ ;
/*!50003 SET character_set_results = @saved_cs_results */ ;
/*!50003 SET collation_connection  = @saved_col_connection */ ;
/*!50003 DROP PROCEDURE IF EXISTS `SP_NETWORK_INVENTORY_BY_IP` */;
/*!50003 SET @saved_cs_client      = @@character_set_client */ ;
/*!50003 SET @saved_cs_results     = @@character_set_results */ ;
/*!50003 SET @saved_col_connection = @@collation_connection */ ;
/*!50003 SET character_set_client  = utf8mb4 */ ;
/*!50003 SET character_set_results = utf8mb4 */ ;
/*!50003 SET collation_connection  = utf8mb4_0900_ai_ci */ ;
/*!50003 SET @saved_sql_mode       = @@sql_mode */ ;
/*!50003 SET sql_mode              = 'STRICT_TRANS_TABLES,NO_ENGINE_SUBSTITUTION' */ ;
DELIMITER ;;
CREATE DEFINER=`root`@`localhost` PROCEDURE `SP_NETWORK_INVENTORY_BY_IP`(IN IP VARCHAR(60))
BEGIN
	-- SELECT * FROM network_inventory.module_device;
    SELECT * FROM network_inventory.device
    WHERE DEV_IP = IP; 
END ;;
DELIMITER ;
/*!50003 SET sql_mode              = @saved_sql_mode */ ;
/*!50003 SET character_set_client  = @saved_cs_client */ ;
/*!50003 SET character_set_results = @saved_cs_results */ ;
/*!50003 SET collation_connection  = @saved_col_connection */ ;
/*!50003 DROP PROCEDURE IF EXISTS `SP_NETWORK_INVENTORY_ORDER` */;
/*!50003 SET @saved_cs_client      = @@character_set_client */ ;
/*!50003 SET @saved_cs_results     = @@character_set_results */ ;
/*!50003 SET @saved_col_connection = @@collation_connection */ ;
/*!50003 SET character_set_client  = utf8mb4 */ ;
/*!50003 SET character_set_results = utf8mb4 */ ;
/*!50003 SET collation_connection  = utf8mb4_0900_ai_ci */ ;
/*!50003 SET @saved_sql_mode       = @@sql_mode */ ;
/*!50003 SET sql_mode              = 'STRICT_TRANS_TABLES,NO_ENGINE_SUBSTITUTION' */ ;
DELIMITER ;;
CREATE DEFINER=`root`@`localhost` PROCEDURE `SP_NETWORK_INVENTORY_ORDER`(IN ordenpor CHAR(20))
BEGIN
	DECLARE orderen_equipo VARCHAR(100);
	--     variable 
    DECLARE query_orden VARCHAR(250);
    -- si existe concatena
		IF ordenpor <> ' ' THEN
			set orderen_equipo = CONCAT('ORDER BY ', ordenpor);
	END IF;
	
	SET @query_orden = CONCAT('SELECT * FROM network_inventory.device ', orderen_equipo);
    SELECT query_orden;
    -- ejecutar la consulta
   
	PREPARE ejecutar FROM @query_orden;

	EXECUTE ejecutar; 

	DEALLOCATE PREPARE ejecutar;
END ;;
DELIMITER ;
/*!50003 SET sql_mode              = @saved_sql_mode */ ;
/*!50003 SET character_set_client  = @saved_cs_client */ ;
/*!50003 SET character_set_results = @saved_cs_results */ ;
/*!50003 SET collation_connection  = @saved_col_connection */ ;

--
-- Final view structure for view `v_devices_inventory_count`
--

/*!50001 DROP VIEW IF EXISTS `v_devices_inventory_count`*/;
/*!50001 SET @saved_cs_client          = @@character_set_client */;
/*!50001 SET @saved_cs_results         = @@character_set_results */;
/*!50001 SET @saved_col_connection     = @@collation_connection */;
/*!50001 SET character_set_client      = utf8mb4 */;
/*!50001 SET character_set_results     = utf8mb4 */;
/*!50001 SET collation_connection      = utf8mb4_0900_ai_ci */;
/*!50001 CREATE ALGORITHM=UNDEFINED */
/*!50013 DEFINER=`root`@`localhost` SQL SECURITY DEFINER */
/*!50001 VIEW `v_devices_inventory_count` AS select `d`.`DEV_MOD` AS `Modelos`,count(0) AS `Numero_de_Modelos`,`dt`.`DEV_TYPE` AS `Familia`,`dt`.`DEV_PART_NO` AS `Numero_de_parte`,`dt`.`DEV_OS_VERSION` AS `Software` from (`device` `d` join `device_type` `dt` on((`d`.`DEV_MOD` = `dt`.`DEV_MOD`))) group by `d`.`DEV_MOD` order by `Numero_de_Modelos` desc */;
/*!50001 SET character_set_client      = @saved_cs_client */;
/*!50001 SET character_set_results     = @saved_cs_results */;
/*!50001 SET collation_connection      = @saved_col_connection */;

--
-- Final view structure for view `v_devices_inventory_list`
--

/*!50001 DROP VIEW IF EXISTS `v_devices_inventory_list`*/;
/*!50001 SET @saved_cs_client          = @@character_set_client */;
/*!50001 SET @saved_cs_results         = @@character_set_results */;
/*!50001 SET @saved_col_connection     = @@collation_connection */;
/*!50001 SET character_set_client      = utf8mb4 */;
/*!50001 SET character_set_results     = utf8mb4 */;
/*!50001 SET collation_connection      = utf8mb4_0900_ai_ci */;
/*!50001 CREATE ALGORITHM=UNDEFINED */
/*!50013 DEFINER=`root`@`localhost` SQL SECURITY DEFINER */
/*!50001 VIEW `v_devices_inventory_list` AS select `d`.`DEV_HOST_NAME` AS `Host_Name`,`d`.`DEV_LOCATION` AS `Ubicacion`,`d`.`DEV_IP` AS `IP`,`d`.`DEV_SERIAL_NO` AS `Serial`,`d`.`DEV_MOD` AS `Modelo`,`dt`.`DEV_TYPE` AS `Familia`,`dt`.`DEV_PART_NO` AS `Numero_de_parte`,`dt`.`DEV_OS_VERSION` AS `Software` from (`device` `d` join `device_type` `dt` on((`d`.`DEV_MOD` = `dt`.`DEV_MOD`))) */;
/*!50001 SET character_set_client      = @saved_cs_client */;
/*!50001 SET character_set_results     = @saved_cs_results */;
/*!50001 SET collation_connection      = @saved_col_connection */;

--
-- Final view structure for view `v_devices_type_list`
--

/*!50001 DROP VIEW IF EXISTS `v_devices_type_list`*/;
/*!50001 SET @saved_cs_client          = @@character_set_client */;
/*!50001 SET @saved_cs_results         = @@character_set_results */;
/*!50001 SET @saved_col_connection     = @@collation_connection */;
/*!50001 SET character_set_client      = utf8mb4 */;
/*!50001 SET character_set_results     = utf8mb4 */;
/*!50001 SET collation_connection      = utf8mb4_0900_ai_ci */;
/*!50001 CREATE ALGORITHM=UNDEFINED */
/*!50013 DEFINER=`root`@`localhost` SQL SECURITY DEFINER */
/*!50001 VIEW `v_devices_type_list` AS select `d`.`DEV_MOD` AS `Modelo`,`d`.`DEV_TYPE` AS `Tipo`,`d`.`DEV_OS_VERSION` AS `Software`,`d`.`DEV_PART_NO` AS `Numero_de_Parte` from `device_type` `d` */;
/*!50001 SET character_set_client      = @saved_cs_client */;
/*!50001 SET character_set_results     = @saved_cs_results */;
/*!50001 SET collation_connection      = @saved_col_connection */;

--
-- Final view structure for view `v_module_inventory_count`
--

/*!50001 DROP VIEW IF EXISTS `v_module_inventory_count`*/;
/*!50001 SET @saved_cs_client          = @@character_set_client */;
/*!50001 SET @saved_cs_results         = @@character_set_results */;
/*!50001 SET @saved_col_connection     = @@collation_connection */;
/*!50001 SET character_set_client      = utf8mb4 */;
/*!50001 SET character_set_results     = utf8mb4 */;
/*!50001 SET collation_connection      = utf8mb4_0900_ai_ci */;
/*!50001 CREATE ALGORITHM=UNDEFINED */
/*!50013 DEFINER=`root`@`localhost` SQL SECURITY DEFINER */
/*!50001 VIEW `v_module_inventory_count` AS select `m`.`MODULE_MOD` AS `Modelos`,count(0) AS `Numero_de_Modelos`,`mt`.`MODULE_TYPE` AS `Tipo`,`mt`.`MODULE_OS_VERSION` AS `Software`,`mt`.`MODULE_PART_NO` AS `Numero_de_Parte` from (`module_device` `m` join `module_type` `mt` on((`m`.`MODULE_MOD` = `mt`.`MODULE_MOD`))) group by `m`.`MODULE_MOD` order by `Numero_de_Modelos` desc */;
/*!50001 SET character_set_client      = @saved_cs_client */;
/*!50001 SET character_set_results     = @saved_cs_results */;
/*!50001 SET collation_connection      = @saved_col_connection */;

--
-- Final view structure for view `v_module_inventory_list`
--

/*!50001 DROP VIEW IF EXISTS `v_module_inventory_list`*/;
/*!50001 SET @saved_cs_client          = @@character_set_client */;
/*!50001 SET @saved_cs_results         = @@character_set_results */;
/*!50001 SET @saved_col_connection     = @@collation_connection */;
/*!50001 SET character_set_client      = utf8mb4 */;
/*!50001 SET character_set_results     = utf8mb4 */;
/*!50001 SET collation_connection      = utf8mb4_0900_ai_ci */;
/*!50001 CREATE ALGORITHM=UNDEFINED */
/*!50013 DEFINER=`root`@`localhost` SQL SECURITY DEFINER */
/*!50001 VIEW `v_module_inventory_list` AS select `md`.`MODULE_MOD` AS `Modelo_del_modulo`,`md`.`MODULE_SERIAL_NO` AS `Serial_modelo`,`d`.`DEV_HOST_NAME` AS `Host_Name`,`d`.`DEV_LOCATION` AS `Ubicacion`,`d`.`DEV_IP` AS `IP`,`d`.`DEV_SERIAL_NO` AS `Serial_equipo`,`d`.`DEV_MOD` AS `Modelo_del_equipo`,`mt`.`MODULE_TYPE` AS `Familia`,`mt`.`MODULE_PART_NO` AS `Numero_de_parte`,`mt`.`MODULE_OS_VERSION` AS `Software` from ((`module_device` `md` join `device` `d` on((`md`.`DEV_ID` = `d`.`DEV_ID`))) join `module_type` `mt` on((`md`.`MODULE_MOD` = `mt`.`MODULE_MOD`))) */;
/*!50001 SET character_set_client      = @saved_cs_client */;
/*!50001 SET character_set_results     = @saved_cs_results */;
/*!50001 SET collation_connection      = @saved_col_connection */;

--
-- Final view structure for view `v_module_type_list`
--

/*!50001 DROP VIEW IF EXISTS `v_module_type_list`*/;
/*!50001 SET @saved_cs_client          = @@character_set_client */;
/*!50001 SET @saved_cs_results         = @@character_set_results */;
/*!50001 SET @saved_col_connection     = @@collation_connection */;
/*!50001 SET character_set_client      = utf8mb4 */;
/*!50001 SET character_set_results     = utf8mb4 */;
/*!50001 SET collation_connection      = utf8mb4_0900_ai_ci */;
/*!50001 CREATE ALGORITHM=UNDEFINED */
/*!50013 DEFINER=`root`@`localhost` SQL SECURITY DEFINER */
/*!50001 VIEW `v_module_type_list` AS select `m`.`MODULE_MOD` AS `Modelo`,`m`.`MODULE_TYPE` AS `Tipo`,`m`.`MODULE_OS_VERSION` AS `Software`,`m`.`MODULE_PART_NO` AS `Numero_de_Parte` from `module_type` `m` */;
/*!50001 SET character_set_client      = @saved_cs_client */;
/*!50001 SET character_set_results     = @saved_cs_results */;
/*!50001 SET collation_connection      = @saved_col_connection */;
/*!40103 SET TIME_ZONE=@OLD_TIME_ZONE */;

/*!40101 SET SQL_MODE=@OLD_SQL_MODE */;
/*!40014 SET FOREIGN_KEY_CHECKS=@OLD_FOREIGN_KEY_CHECKS */;
/*!40014 SET UNIQUE_CHECKS=@OLD_UNIQUE_CHECKS */;
/*!40101 SET CHARACTER_SET_CLIENT=@OLD_CHARACTER_SET_CLIENT */;
/*!40101 SET CHARACTER_SET_RESULTS=@OLD_CHARACTER_SET_RESULTS */;
/*!40101 SET COLLATION_CONNECTION=@OLD_COLLATION_CONNECTION */;
/*!40111 SET SQL_NOTES=@OLD_SQL_NOTES */;

-- Dump completed on 2023-02-07 14:06:40
